id,sortNo,name,yomi,城主名確認用,大名確認用,ownerClan,provinceId,legionId,provinceName,国2,国1,castlesColorCode,adjacentCastle,castellanId,soldiers,training,morale,gold,rice,ammo,horses,guns,kokudaka,maxKokudaka,commerce,maxCommerce,defense,maxDefense,peoplesLoyalty,population,備考
187,1,徳山館,とくやまやかた,蠣崎季広,蠣崎家,67,67,0,蝦夷国,蝦夷国,1,#00dcff,188s|191s|219s,1067003,2546,50,50,1258,6916,1000,1010,10,220,1100,250,900,500,1000,64,8000,
190,2,石川城,いしかわじょう,石川高信,南部家,68,1,1,陸奥国,陸奥国,2,#00d0ff,188|189|217,1068017,1954,50,50,1114,5911,1000,390,0,180,1300,100,600,550,1100,67,7000,
188,3,大開城,おおびらきじょう,東政重,南部家,68,1,5,陸奥国,陸奥国,2,#00d8ff,187s|189|190|191s,1068005,1196,50,50,740,3416,1000,230,0,100,600,100,400,250,500,60,1000,
191,4,蠣崎城,かきざきじょう,新田行政,南部家,68,1,6,陸奥国,陸奥国,2,#00cbff,187s|188s|189s|192,1068035,1146,50,50,714,3003,1000,220,0,80,600,50,350,250,500,62,1000,
189,5,浪岡城,なみおかじょう,浪岡具統,浪岡家,69,1,0,陸奥国,陸奥国,2,#00d4ff,188|190|191s|192|196,1069009,1929,50,50,962,5580,1000,380,0,180,800,150,600,350,700,66,4000,
195,6,九戸城,くのへじょう,九戸信仲,南部家,68,1,4,陸奥国,陸奥国,2,#00bbff,193|194|196|197,1068046,1412,50,50,870,3957,1000,280,0,110,900,100,750,300,600,65,3000,
194,7,三戸城,さんのへじょう,南部晴政,南部家,68,1,0,陸奥国,陸奥国,2,#00bfff,192|193|195|196,1068012,2500,50,50,1322,8331,1000,500,10,280,1500,150,800,700,1400,66,10000,
192,8,野辺地城,のへじじょう,七戸直国,南部家,68,1,3,陸奥国,陸奥国,2,#00c7ff,189|191|193|194,1068042,1330,50,50,748,4896,1000,260,0,170,800,100,400,350,700,64,1000,
193,9,八戸城,はちのへじょう,八戸政栄,南部家,68,1,2,陸奥国,陸奥国,2,#00c3ff,192|194|195,1068038,1354,50,50,814,4288,1000,270,0,130,700,100,500,250,500,67,2000,
199,10,大林城,おおばやしじょう,柏山明吉,葛西家,70,1,1,陸奥国,陸中国,3,#00aeff,198|200|202,1070021,1281,50,50,722,2866,1000,250,0,70,500,50,350,400,800,66,1000,
197,11,雫石城,しずくいしじょう,斯波詮真,斯波家,71,1,0,陸奥国,陸中国,3,#00b6ff,195|196|198|220,1071003,1598,50,50,838,3676,1000,310,0,100,1000,50,400,400,800,64,3000,
198,12,鳥谷ヶ崎城,とやがさきじょう,稗貫晴家,稗貫家,72,1,0,陸奥国,陸中国,3,#00b2ff,197|199,1072001,1614,50,50,836,3855,1000,320,0,110,800,50,350,400,800,63,3000,
196,13,花輪館,はなわたて,花輪親行,安東家,73,1,2,陸奥国,陸中国,3,#00aaff,189|194|195|197|217,1073044,1442,50,50,834,3046,1000,280,0,70,600,50,350,350,700,62,3000,
201,14,石巻城,いしのまきじょう,寺崎良次,葛西家,70,1,2,陸奥国,陸前国,4,#00a1ff,200|204|205,1070029,1277,50,50,752,2926,1000,250,0,70,600,100,500,250,500,66,1000,
205,15,北目城,きためじょう,粟野長国,伊達家,74,1,4,陸奥国,陸前国,4,#0061ff,201|204|206|207,1074018,1282,50,50,812,3046,1000,250,0,70,600,100,400,250,500,66,2000,
204,16,鶴楯城,つるたてじょう,黒川稙家,黒川家,75,1,0,陸奥国,陸前国,4,#0094ff,201|203|205|224,1075003,1768,50,50,936,4140,1000,350,0,110,800,100,400,400,800,68,4000,
200,17,寺池城,てらいけじょう,葛西晴信,葛西家,70,1,0,陸奥国,陸前国,4,#00a5ff,199|201,1070008,1618,50,50,878,4040,1000,320,0,110,800,100,400,500,1000,69,3000,
203,18,名生城,みょううじょう,大崎義直,大崎家,76,1,0,陸奥国,陸前国,4,#0098ff,202|204,1076004,1696,50,50,938,4160,1000,330,0,110,800,100,400,300,600,69,4000,
202,19,湯山城,ゆやまじょう,氏家吉継,大崎家,76,1,0,陸奥国,陸前国,4,#009dff,199|203|221,1076017,1294,50,50,714,3200,1000,250,0,90,600,50,250,250,500,62,1000,
209,20,小高城,おだかじょう,相馬盛胤(15代),相馬家,77,1,0,陸奥国,磐城国,5,#0083ff,208|210|211,1077003,1979,50,50,1052,4744,1000,390,0,130,900,100,400,500,1000,66,6000,
213,21,白河小峰城,しらかわこみねじょう,白河晴綱,白河家,78,1,0,陸奥国,磐城国,5,#0072ff,59|62|210|212|231,1078004,1697,50,50,904,4059,1000,330,0,110,700,50,350,300,600,67,4000,
206,22,白石城,しろいしじょう,白石宗利,伊達家,74,1,3,陸奥国,磐城国,5,#0090ff,205|207|208|214|226,1074047,1811,50,50,1110,4840,1000,360,0,130,800,100,400,300,600,65,7000,
212,23,須賀川城,すかがわじょう,二階堂輝行,二階堂家,79,1,0,陸奥国,磐城国,5,#0077ff,62|210|211|213,1079002,1717,50,50,906,4080,1000,340,0,110,700,50,350,350,700,68,4000,
210,24,飯野平城,いいのたいらじょう,白土重隆,岩城家,80,1,0,陸奥国,磐城国,5,#007fff,59|209|212|213,1080006,1343,50,50,714,3397,1000,260,0,100,700,50,400,250,500,62,1000,
208,25,黒木城,くろきじょう,堀内近胤,相馬家,77,1,1,陸奥国,磐城国,5,#0087ff,206|207|209,1077009,1846,50,50,900,5831,1000,360,0,200,700,50,350,350,700,65,4000,1611以降相馬中村城
211,26,三春城,みはるじょう,田村隆顕,田村家,81,1,0,陸奥国,磐城国,5,#007bff,209|212|215|216,1081003,1598,50,50,838,3676,1000,310,0,100,700,50,400,400,800,64,3000,
207,27,亘理城,わたりじょう,亘理元宗,伊達家,74,1,1,陸奥国,磐城国,5,#008cff,205|206|208,1074064,1296,50,50,750,4322,1000,250,0,140,800,100,600,250,500,65,1000,
216,28,猪苗代城,いなわしろじょう,猪苗代盛国,蘆名家,33,1,0,陸奥国,岩代国,6,#0066ff,61|62|211|214|215|228,1033016,1282,50,50,720,3052,1000,250,0,80,600,50,450,350,700,65,1000,
61,29,黒川城,くろかわじょう,蘆名盛氏,蘆名家,33,1,0,陸奥国,岩代国,6,#faff00,15|62|216|228,1033010,3063,50,50,1472,9037,1000,610,10,300,1300,100,750,650,1300,66,13000,
62,30,塩生城,しおぶじょう,平田舜範,蘆名家,33,1,0,陸奥国,岩代国,6,#f6ff00,61|213|216|212|231,1033030,1566,50,50,804,5348,1000,310,0,190,700,100,600,250,500,62,2000,
214,31,杉目城,すぎのめじょう,中野宗時,伊達家,74,1,2,陸奥国,岩代国,6,#006eff,206|215|216|228,1074053,1393,50,50,880,3433,1000,270,0,80,700,100,350,250,500,70,3000,
215,32,二本松城,にほんまつじょう,二本松義国,二本松家,82,1,0,陸奥国,岩代国,6,#006aff,211|214|216,1082007,1607,50,50,870,3756,1000,320,0,100,700,100,500,300,600,65,3000,
220,33,角館城,かくのだてじょう,戸沢道盛,戸沢家,83,2,0,出羽国,羽後国,7,#0050ff,197|218|219|221,1083003,1872,50,50,1020,4257,1000,370,0,110,700,150,600,350,700,65,5000,
217,34,十狐城,とっこじょう,浅利則祐,浅利家,84,2,0,出羽国,羽後国,7,#005dff,190|196|218,1084003,1654,50,50,866,4113,1000,330,0,120,800,100,400,350,700,63,3000,
218,35,檜山城,ひやまじょう,安東愛季,安東家,73,2,0,出羽国,羽後国,7,#0059ff,217|219|220,1073013,2474,50,50,1296,6715,1000,490,10,200,1200,100,500,500,1000,68,10000,
219,36,湊城,みなとじょう,安東茂季,安東家,73,2,1,出羽国,羽後国,7,#0054ff,187s|218|220|243,1073018,1636,50,50,870,4763,1000,320,0,150,800,100,500,350,700,65,3000,
243,37,山根城,やまねじょう,赤尾津家保,赤尾津家,85,2,0,出羽国,羽後国,7,#1000ff,219|221|244,1085001,1292,50,50,686,2959,1000,250,0,80,600,0,0,300,600,63,1000,
221,38,横手城,よこてじょう,小野寺輝道,小野寺家,86,2,0,出羽国,羽後国,7,#004cff,202|220|222|243,1086004,2062,50,50,996,6115,1000,410,10,200,800,100,600,550,1100,68,5000,
223,39,尾浦城,おうらじょう,大宝寺義増,大宝寺家,87,2,0,出羽国,羽前国,8,#0043ff,20|222|244|253,1087006,1551,50,50,812,3858,1000,310,0,110,800,0,0,400,800,66,3000,
227,40,小国城,おぐにじょう,小梁川盛宗(二代目),伊達家,74,2,0,出羽国,羽前国,8,#0033ff,20|226|228,1074040,1637,50,50,896,5761,1000,320,0,200,1100,50,200,250,500,63,4000,
222,41,鮭延城,さけのべじょう,佐々木貞綱,小野寺家,86,2,1,出羽国,羽前国,8,#0048ff,221|223|224|244|253,1086013,1247,50,50,696,2835,1000,240,0,70,600,0,0,250,500,68,1000,
225,42,天童城,てんどうじょう,天童頼長,天童家,88,2,0,出羽国,羽前国,8,#003bff,224|226|253,1088004,2051,50,50,1026,5763,1000,410,10,180,1000,50,250,450,900,68,6000,
244,43,東禅寺城,とうぜんじじょう,東禅寺義長,大宝寺家,87,2,1,出羽国,羽前国,8,#1500ff,222|223|243,1087020,1255,50,50,690,2992,1000,250,0,80,600,0,0,250,500,65,1000,
253,44,中野城,なかのじょう,氏家定直,最上家,89,2,0,出羽国,羽前国,8,#3b00ff,222|223|224|225|226,1089025,2224,70,70,1394,5150,1000,550,10,120,600,50,300,300,600,62,4000,
224,45,延沢城,のべさわじょう,延沢満延,天童家,88,2,1,出羽国,羽前国,8,#003fff,204|222|225|253,1088017,1504,50,50,780,4180,1000,300,0,130,800,50,350,350,700,65,2000,
226,46,山形城,やまがたじょう,最上義守,最上家,89,2,0,出羽国,羽前国,8,#0037ff,206|225|227|228|253,1089011,4352,70,70,2456,11106,1000,1080,20,290,1500,150,600,750,1500,73,12000,
228,47,米沢城,よねざわじょう,伊達晴宗,伊達家,74,2,0,出羽国,羽前国,8,#002eff,61|214|216|226|227,1074004,2929,50,50,1486,9594,1000,580,10,310,1800,100,450,700,1400,73,13000,
94,48,雑太城,さわだじょう,本間泰高,長尾家,2,65,5,佐渡国,佐渡国,9,#72ff00,2s|15s|20s|95s,1001087,1167,60,60,790,3063,1000,460,10,80,500,0,2000,350,700,55,3000,
2,49,春日山城,かすがやまじょう,長尾景虎,長尾家,2,3,0,越後国,越後国,10,#ff1500,1|17s|68|70|72s|94s|95,1001015,4042,70,70,2408,12915,1000,1610,20,390,1800,250,900,1050,2100,69,27000,
68,50,坂戸城,さかどじょう,長尾政景,長尾家,2,3,1,越後国,越後国,10,#ddff00,2|15|89|95,1001004,2511,60,60,1646,8253,1000,1000,10,250,1200,100,600,450,900,63,16000,
15,51,新発田城,しばたじょう,新発田長敦,長尾家,2,3,2,越後国,越後国,10,#ff4400,20|61|68|94s|95,1001048,2403,60,60,1560,8159,1000,960,10,250,1200,150,750,450,900,65,14000,
20,52,本庄城,ほんじょうじょう,本庄繁長,長尾家,2,3,3,越後国,越後国,10,#ff5900,15|94s|223|227,1001084,2027,60,60,1322,7315,1000,810,10,230,900,150,750,300,600,66,10000,
95,53,与板城,よいたじょう,直江景綱,長尾家,2,3,0,越後国,越後国,10,#6eff00,2|15|68|94s,1001058,1930,60,60,1230,6894,1000,770,0,220,900,100,600,400,800,65,9000,
1,54,魚津城,うおづじょう,斎藤朝信,長尾家,2,4,0,越中国,越中国,11,#ff1100,2|17s|24|72s|91,1001037,1993,60,60,1410,6448,1000,790,0,180,900,300,900,250,500,65,10000,
24,55,富山城,とやまじょう,椎名康胤,長尾家,2,4,6,越中国,越中国,11,#ff6a00,1|91|242,1001043,2607,50,50,1724,8327,1000,520,10,230,1000,200,700,550,1100,72,16000,
242,56,増山城,ますやまじょう,神保長職,神保家,11,4,0,越中国,越中国,11,#0c00ff,17|24|74|91,1011001,2050,50,50,1170,4154,1000,410,10,90,600,100,1000,300,600,65,8000,
16,57,一乗谷城,いちじょうだにじょう,朝倉延景,朝倉家,7,5,0,越前国,越前国,12,#ff4800,18|75|76,1007008,4863,60,60,2370,13237,1000,1940,30,380,1900,250,850,850,1900,80,26000,
75,58,亥山城,いやまじょう,朝倉景隆,朝倉家,7,5,1,越前国,越前国,12,#c3ff00,16|19|74|76,1007026,3156,60,60,1552,10078,1000,1260,20,320,1300,100,800,500,1000,76,14000,
18,59,金ヶ崎城,かながさきじょう,朝倉景紀,朝倉家,7,5,2,越前国,越前国,12,#ff5000,16|21s|23|76|79|177,1007018,2470,60,60,1328,7432,1000,980,10,230,800,150,800,350,700,69,10000,
76,60,北庄城,きたのしょうじょう,北庄景行,朝倉家,7,5,3,越前国,越前国,12,#bfff00,16|18|19|75,1007038,2698,60,60,1424,8363,1000,1070,20,260,1000,100,800,300,600,72,12000,
74,61,尾山御坊,おやまごぼう,七里頼周,本願寺家,19,6,1,加賀国,加賀国,13,#c7ff00,17|19|75|92|242,1019021,4133,50,50,2012,10320,1000,1230,300,310,1700,200,950,800,1600,66,21000,
19,62,大聖寺城,だいしょうじじょう,見つかりません,見つかりません,0,6,0,加賀国,加賀国,13,#ff5500,74|75|76,0,2099,30,30,1188,5833,1000,0,0,180,1000,150,800,300,600,59,8000,
17,63,七尾城,ななおじょう,畠山義綱,畠山家,8,7,0,能登国,能登国,14,#ff4c00,1s|2s|72|74|242,1008005,3914,50,50,1892,9877,1000,780,10,300,1400,300,1200,900,1800,66,18000,
72,64,松波城,まつなみじょう,長続連,畠山家,8,7,1,能登国,能登国,14,#cbff00,1s|2s|17,1008022,2454,50,50,1344,6231,1000,490,10,180,900,100,800,250,500,62,11000,
241,65,砕導山城,さいちやまじょう,逸見昌経,武田家,38,8,1,若狭国,若狭国,15,#0800ff,79|81|177,1038016,1525,50,50,876,3208,1000,300,0,80,600,50,250,250,500,53,4000,
79,66,後瀬山城,のちせやまじょう,武田元栄,武田家,38,8,0,若狭国,若狭国,15,#b2ff00,18|177|241,1038004,2971,50,50,1572,7260,1000,590,10,220,1000,100,500,450,900,56,15000,
55,67,岩殿山城,いわどのやまじょう,小山田信茂,武田家,3,9,2,甲斐国,甲斐国,16,#ffee00,9|14|97,1002039,2191,60,60,1432,7129,1000,1310,10,210,900,200,900,500,1000,66,8000,
245,68,下山城,しもやまじょう,穴山信君,武田家,3,9,3,甲斐国,甲斐国,16,#1900ff,9|13,1002023,1500,50,50,1074,4194,1000,900,0,100,600,100,600,300,600,67,3000,
9,69,躑躅ヶ崎館,つつじがさきやかた,武田晴信,武田家,3,9,0,甲斐国,甲斐国,16,#ff2e00,8|55|88|229|245,1002002,4333,70,70,3132,11951,1000,2590,20,280,1100,400,1800,600,1200,66,21000,
8,70,飯田城,いいだじょう,秋山虎繁,武田家,3,10,0,信濃国,信濃国,17,#ff2a00,4|9|45|52|54,1002017,1724,60,60,1196,5122,1000,1030,0,150,600,150,850,350,700,53,5000,
70,71,飯山城,いいやまじょう,柿崎景家,長尾家,2,10,0,信濃国,信濃国,17,#d4ff00,2|5,1001026,1814,60,60,1166,5904,1000,720,0,180,800,100,850,550,1100,63,8000,
5,72,海津城,かいづじょう,春日虎綱,武田家,3,10,1,信濃国,信濃国,17,#ff2200,30|70|89|96,1002041,2230,60,60,1632,6193,1000,1330,10,150,800,150,850,500,1000,61,7000,
229,73,小諸城,こもろじょう,武田信繁,武田家,3,10,0,信濃国,信濃国,17,#0000ff,9|30|31|88,1002013,1882,50,50,1344,5348,1000,1120,0,130,600,150,700,300,600,67,7000,
88,74,高遠城,たかとおじょう,保科正俊,武田家,3,10,0,信濃国,信濃国,17,#8cff00,9|30|52|229,1002066,2350,60,60,1492,7655,1000,1410,10,230,900,100,700,550,1100,66,10000,
30,75,戸石城,といしじょう,真田幸綱,武田家,3,10,4,信濃国,信濃国,17,#ff8300,5|31|88|89|96|229,1209002,2922,60,60,1998,8996,1000,1750,10,250,1000,150,850,500,1000,64,13000,
96,76,深志城,ふかしじょう,馬場信房,武田家,3,10,1,信濃国,信濃国,17,#65ff00,5|29|30|52|91,1002059,1740,60,60,1170,4936,1000,1040,0,140,700,100,700,550,1100,55,5000,
52,77,福島城,ふくしまじょう,木曾義康,武田家,3,10,5,信濃国,信濃国,17,#ffe100,4|8|29|88|96,1002046,1952,60,60,1340,5332,1000,1170,0,150,800,100,700,500,1000,50,8000,
89,78,沼田城,ぬまたじょう,沼田顕泰,長尾家,2,11,4,上野国,上野国,18,#87ff00,5|6|30|31|66|68,1001076,1855,60,60,1168,6936,1000,740,0,230,800,100,650,350,700,64,8000,
6,79,厩橋城,まやばしじょう,北条高広,長尾家,2,11,4,上野国,上野国,18,#ff2600,31|41|66|89|93,1001031,2387,60,60,1412,8105,1000,950,10,260,1400,100,600,900,1800,66,12000,
31,80,箕輪城,みのわじょう,長野業正,長野家,31,11,0,上野国,上野国,18,#ff8800,6|30|89|93|229,1031003,3890,50,50,1806,9797,1000,770,10,300,1100,150,750,800,1600,68,18000,
32,81,宇都宮城,うつのみやじょう,宇都宮広綱,宇都宮家,28,12,0,下野国,下野国,19,#ff8c00,59|63|231|232|237|248|249,1028007,3482,50,50,1744,9832,1000,690,10,310,1200,50,500,700,1400,67,18000,
231,82,大田原城,おおたわらじょう,大田原綱清,那須家,34,12,0,下野国,下野国,19,#0026ff,32|62|63|213|248,1034021,1756,50,50,996,3847,1000,350,0,90,600,100,400,350,700,68,5000,
248,83,鹿沼城,かぬまじょう,座禅院昌膳,宇都宮家,28,12,1,下野国,下野国,19,#2600ff,32|66|231|249,1215007,1641,50,50,866,5105,1000,320,0,170,800,0,250,300,600,63,4000,
66,84,唐沢山城,からさわやまじょう,佐野昌綱,佐野家,36,12,0,下野国,下野国,19,#e5ff00,6|37|41|89|232|235|248|249,1036004,2637,50,50,1316,6997,1000,520,10,220,900,50,400,350,700,63,11000,
63,85,烏山城,からすやまじょう,那須資胤,那須家,34,12,0,下野国,下野国,19,#f2ff00,32|59|231,1034004,2896,50,50,1556,7279,1000,570,10,210,800,50,500,300,600,63,15000,
232,86,祇園城,ぎおんじょう,小山高朝,結城家,29,12,0,下野国,下野国,19,#0022ff,32|37|66|249,1029008,1921,50,50,1056,4792,1000,380,0,130,600,100,400,300,600,68,6000,
249,87,壬生城,みぶじょう,壬生綱雄,宇都宮家,28,12,1,下野国,下野国,19,#2a00ff,32|66|232|248,1215003,2464,50,50,1384,6451,1000,490,10,180,1000,50,400,400,800,67,12000,
46,88,久留里城,くるりじょう,里見義尭,里見家,27,13,0,上総国,上総国,20,#ffc700,65|67s|99|252,1027001,2806,50,50,1346,8447,1000,560,10,290,1100,0,0,750,1500,63,12000,
252,89,小西城,こにしじょう,小弓頼純,里見家,27,13,2,上総国,上総国,20,#3700ff,46|58|65|67|233,1091013,1759,50,50,988,4576,1000,350,0,130,600,0,0,350,700,64,6000,
65,90,万喜城,まんぎじょう,土岐為頼,里見家,27,13,1,上総国,上総国,20,#e9ff00,46|99|252,1027017,2277,50,50,1290,6208,1000,450,10,180,800,0,0,250,500,65,11000,
235,91,古河城,こがじょう,足利義氏,足利家,91,14,0,下総国,下総国,21,#001dff,10|37|41|66|234,1091006,3197,50,50,1524,8560,1000,630,10,280,1200,0,0,450,900,62,15000,
58,92,佐倉城,さくらじょう,千葉胤富,千葉家,92,14,0,下総国,下総国,21,#fff600,64|67|69|233|234|252,1092004,2939,60,60,1482,7809,1000,730,10,230,1000,0,0,450,900,71,14000,
234,93,関宿城,せきやどじょう,足利藤氏,長尾家,2,14,7,下総国,下総国,21,#0015ff,10|37|58|64|69|235,1091005,1513,50,50,1094,3887,1000,600,0,90,800,0,0,300,600,57,8000,
233,94,森山城,もりやまじょう,原親幹,千葉家,92,14,1,下総国,下総国,21,#0019ff,58|60|64|252,1092029,2084,50,50,1180,4661,1000,410,10,110,900,0,0,300,600,70,9000,
37,95,結城城,ゆうきじょう,結城晴朝,結城家,29,14,0,下総国,下総国,21,#ffa100,64|66|234|232|235|237,1029010,3327,50,50,1586,8927,1000,660,10,290,1200,0,0,650,1300,63,16000,
237,96,小栗城,おぐりじょう,芳賀高定,宇都宮家,28,15,0,常陸国,常陸国,22,#000cff,32|37|59|60|64|247,1028033,1932,50,50,1174,4599,1000,380,0,110,600,100,500,250,500,67,8000,
64,97,小田城,おだじょう,小田氏治,小田家,35,15,0,常陸国,常陸国,22,#edff00,37|58|60|233|234|237,1035010,3375,50,50,1614,8740,1000,670,10,280,1000,150,800,600,1200,62,15000,
60,98,土浦城,つちうらじょう,佐竹義堅,佐竹家,32,15,1,常陸国,常陸国,22,#ffff00,64|233|237|247,1032017,2580,50,50,1354,6801,1000,510,10,200,1400,100,500,550,1100,67,11000,
59,99,舞鶴城,まいづるじょう,佐竹義昭,佐竹家,32,15,0,常陸国,常陸国,22,#fffa00,32|63|210|213|237|247,1032004,3907,50,50,1866,11154,1000,780,10,360,1800,150,900,700,1400,68,19000,
247,100,水戸城,みとじょう,佐竹義廉,佐竹家,32,15,2,常陸国,常陸国,22,#2100ff,59|60|237,1032012,2145,50,50,1234,4924,1000,420,10,120,1000,100,400,400,800,67,9000,
99,101,岡本城,おかもとじょう,岡本随縁斎,里見家,27,16,0,安房国,安房国,23,#59ff00,14s|46|65|98s|236s,1027013,2153,50,50,1048,7096,1000,430,10,250,1000,0,0,500,1000,64,7000,
69,102,岩槻城,いわつきじょう,太田資正,太田家,37,17,0,武蔵国,武蔵国,24,D8ff00,10|58|67|234,1037013,2775,50,50,1400,7060,1000,550,10,220,900,0,0,350,700,60,13000,
67,103,江戸城,えどじょう,北条氏尭,北条家,4,17,1,武蔵国,武蔵国,24,#e1ff00,10|14|46s|58|69|97|236|252,1003016,2082,60,60,1084,6243,1000,720,10,180,1500,0,0,350,1900,82,7000,
41,104,忍城,おしじょう,成田長泰,成田家,30,17,0,武蔵国,武蔵国,24,#ffb200,6|10|66|93|235,1030002,3286,50,50,1500,9248,1000,650,10,310,1100,250,900,700,1400,65,12000,
10,105,河越城,かわごえじょう,大道寺政繁,北条家,4,17,3,武蔵国,武蔵国,24,#ff3300,41|67|69|93|97|234|235,1003052,2340,60,60,1270,7841,1000,810,10,230,1000,0,0,500,1000,85,10000,
97,106,八王子城,はちおうじじょう,北条氏照,北条家,4,17,0,武蔵国,武蔵国,24,#61ff00,10|14|55|67|93,1003009,2232,60,60,1324,7402,1000,780,10,210,900,200,900,250,500,82,9000,
93,107,鉢形城,はちがたじょう,北条氏邦,北条家,4,17,0,武蔵国,武蔵国,24,#77ff00,6|10|31|41|97,1003007,2589,60,60,1374,9110,1000,900,10,290,1100,100,650,500,1000,77,11000,
14,108,小田原城,おだわらじょう,北条氏康,北条家,4,18,0,相模国,相模国,25,#ff3f00,55|67|97|98|99s|101|236,1003003,4461,70,70,2174,13442,1000,1560,20,390,2500,0,0,2000,2500,87,25000,
236,109,玉縄城,たまわなじょう,北条綱成,北条家,4,18,2,相模国,相模国,25,#0010ff,14|67|99s,1003021,2303,60,60,1332,6837,1000,800,10,180,1000,0,0,500,1000,86,11000,
98,110,韮山城,にらやまじょう,北条氏規,北条家,4,19,0,伊豆国,伊豆国,26,#5dff00,14|99s|101,1003010,1836,60,60,1022,6319,1000,640,0,190,800,0,800,350,700,81,6000,
101,111,興国寺城,こうこくじじょう,葛山氏元,今川家,5,20,0,駿河国,駿河国,27,#50ff00,13|14|98,1004055,2271,60,60,1408,7216,1000,790,10,220,900,100,800,350,700,64,12000,
13,112,駿府城,すんぷじょう,今川義元,今川家,5,20,0,駿河国,駿河国,27,#ff3b00,54|71|100s|101|245,1004009,4450,70,70,2532,13490,1000,1550,20,400,2000,250,1400,800,1600,71,29000,
54,113,犬居城,いぬいじょう,天野藤秀,今川家,5,21,1,遠江国,遠江国,28,#ffe900,8|12|13|45|71,1004038,2394,60,60,1524,7182,1000,830,10,210,800,100,600,350,700,62,14000,
71,114,高天神城,たかてんじんじょう,朝比奈泰朝,今川家,5,21,1,遠江国,遠江国,28,#d0ff00,12|13|54,1004030,2582,60,60,1620,7876,1000,900,10,230,1000,150,600,400,800,65,15000,
12,115,曳馬城,ひくまじょう,飯尾連龍,今川家,5,21,2,遠江国,遠江国,28,#ff3700,45|54|71|100,1004042,3575,60,60,2076,10749,1000,1250,10,320,1800,100,700,450,1500,68,23000,
48,116,岡崎城,おかざきじょう,松平元信,今川家,5,22,3,三河国,三河国,29,#ffd000,45|57|100,1301006,3881,70,60,2246,12032,1000,1350,10,380,1700,100,500,600,1200,63,26000,
45,117,長篠城,ながしのじょう,酒井忠次,今川家,5,22,3,三河国,三河国,29,#ffc300,8|12|48|54|100,1301077,1856,60,60,1094,6152,1000,640,0,210,800,0,0,400,800,57,8000,
100,118,吉田城,よしだじょう,小原鎮実,今川家,5,22,2,三河国,三河国,29,#55ff00,12|13s|45|48|78s,1004054,2704,70,60,1586,8728,1000,940,10,280,1200,100,500,550,1100,63,15000,
73,119,犬山城,いぬやまじょう,織田信清,織田家,1,23,1,尾張国,尾張国,30,#ff0400,3|4|7|180,1006023,2644,50,60,1366,7645,1000,790,10,230,1000,100,750,600,1200,73,11000,
7,120,清洲城,きよすじょう,織田信長,織田家,1,23,0,尾張国,尾張国,30,#ff0000,11|44|73|180,1006006,4908,50,60,2434,13697,1000,1710,730,390,1700,150,750,650,1300,82,28000,
11,121,名古屋城,なごやじょう,佐久間信盛,織田家,1,23,0,尾張国,尾張国,30,#ff0800,7|44|57,1006069,3325,50,60,1658,10377,1000,1160,30,340,1300,100,600,450,900,69,16000,
57,122,鳴海城,なるみじょう,岡部元信,今川家,5,23,4,尾張国,尾張国,30,#ff0c00,11|48,1004053,1504,60,60,972,3815,1000,520,0,100,900,0,0,400,800,56,6000,
180,123,吉藤城,よしふじじょう,柴田勝家,織田家,1,23,0,尾張国,尾張国,30,#00faff,3|7|36|73|183,1006078,1917,60,60,1016,6001,1000,670,10,200,800,50,500,300,600,63,6000,
251,124,安濃津城,あのつじょう,細野藤敦,北畠家,24,24,1,伊勢国,伊勢国,31,#3200ff,47|49|77|78,1222003,1741,50,50,976,4427,1000,340,0,130,1000,100,500,450,900,58,5000,
77,125,亀山城,かめやまじょう,梅戸実秀,六角家,18,24,0,伊勢国,伊勢国,31,#bbff00,36|40|43|44|49|251,1018009,2327,50,50,1292,7865,1000,460,10,260,1000,0,0,400,800,66,6000,
47,126,霧山城,きりやまじょう,北畠具教,北畠家,24,24,0,伊勢国,伊勢国,31,#ffcc00,39|49|78|178|251,1024004,2589,50,50,1532,5501,1000,510,10,120,1400,100,600,600,1200,66,14000,
44,127,長島城,ながしまじょう,見つかりません,見つかりません,0,24,0,伊勢国,伊勢国,31,#ffbf00,7|11|36|77|78s,0,1856,30,30,978,4836,1000,0,0,150,800,0,400,600,1200,59,6000,
49,128,長野城,ながのじょう,長野藤定,北畠家,24,24,1,伊勢国,伊勢国,31,#ffd400,43|47|77|80|251,1222008,1628,50,50,826,5079,1000,320,0,180,1100,50,400,500,1000,58,3000,
78,129,波切城,なきりじょう,鳥屋尾満栄,北畠家,24,25,0,志摩国,志摩国,32,#b6ff00,44s|47|100s|178s|251,1024030,1313,50,50,794,2532,1000,260,0,50,700,0,0,300,600,57,3000,
80,130,柏原城,かしはらじょう,見つかりません,見つかりません,0,26,0,伊賀国,伊賀国,33,#aeff00,39|43|49|53,0,2315,30,30,1408,5216,1000,0,0,120,900,100,400,350,700,64,12000,
43,131,喰代城,ほおじろじょう,見つかりません,見つかりません,0,26,0,伊賀国,伊賀国,33,#ffbb00,40|49|77|80|90,0,2175,30,30,1376,4736,1000,0,0,100,700,150,600,250,500,63,11000,
3,132,稲葉山城,いなばやまじょう,斎藤利尚,一色家,6,27,0,美濃国,美濃国,34,#ff1900,4|50|73|180|182|183,1005003,4558,60,60,2440,11782,1000,1360,20,330,1900,200,1000,800,1600,70,28000,
4,133,岩村城,いわむらじょう,遠山景任,遠山家,12,27,0,美濃国,美濃国,34,#ff1d00,3|8|50|52|73,1012007,2485,40,40,1280,6627,1000,490,10,210,800,200,800,300,600,60,9000,
36,134,大垣城,おおがきじょう,桑原直元,一色家,6,27,3,美濃国,美濃国,34,#ff9d00,28|44|77|180|183,1005018,2461,60,60,1404,6351,1000,730,10,180,1200,100,800,350,1100,62,12000,
183,135,北方城,きたかたじょう,安藤守就,一色家,6,27,2,美濃国,美濃国,34,#00eeff,3|36|180|182|186,1005009,2162,60,60,1198,6596,1000,640,10,210,700,50,500,350,600,64,9000,
50,136,郡上八幡城,ぐじょうはちまんじょう,遠藤盛数,一色家,6,27,4,美濃国,美濃国,34,#ffd800,3|4|29,1005023,1985,60,60,1080,5990,1000,590,0,190,700,150,800,500,1000,65,6000,
182,137,曽根城,そねじょう,稲葉良通,一色家,6,27,1,美濃国,美濃国,34,#00f2ff,3|183,1005011,2218,60,60,1202,7075,1000,660,10,230,800,50,450,300,600,66,9000,
92,138,帰雲城,かえりくもじょう,内ヶ島氏理,内ヶ島家,23,28,0,飛騨国,飛騨国,35,#7bff00,74|29|91,1023004,3292,50,50,1824,6601,1000,650,10,150,900,300,1100,550,1100,62,17000,
91,139,高原諏訪城,たかはらすわじょう,江馬時盛,江馬家,22,28,0,飛騨国,飛騨国,35,#7fff00,1|24|29|92|96|242,1022002,3216,50,50,1764,7071,1000,640,10,180,900,300,1200,400,800,62,16000,
29,140,松倉城,まつくらじょう,三木光頼,三木家,10,28,0,飛騨国,飛騨国,35,#ff7f00,50|52|91|92|96,1010003,3428,50,50,1832,7320,1000,680,10,180,1100,300,1000,600,1200,66,17000,
186,141,今浜城,いまはまじょう,堀秀基,浅井家,15,29,0,近江国,近江国,36,#00e1ff,23|28|35s|183,1015053,1866,50,50,982,6064,1000,370,550,210,700,100,650,300,600,61,5000,
23,142,小谷城,おだにじょう,浅井久政,浅井家,15,29,0,近江国,近江国,36,#ff6600,18|177|186,1015004,3337,50,50,1638,9997,1000,660,10,350,1400,100,600,650,1300,59,16000,
35,143,観音寺城,かんのんじじょう,六角義賢,六角家,18,29,0,近江国,近江国,36,#ff9900,27s|28|40|177s|186s|246,1018003,4542,50,50,2310,12279,1000,900,20,380,2000,0,0,1200,2300,65,23000,
177,144,朽木城,くつきじょう,朽木元綱,浅井家,15,29,1,近江国,近江国,36,#00fff6,18|23|26|27|35s|79|241,1015038,1596,50,50,830,5146,1000,310,0,180,900,50,750,350,700,60,3000,
28,145,佐和山城,さわやまじょう,磯野員昌,浅井家,15,29,0,近江国,近江国,36,#ff7b00,35|36|40|186,1015028,2203,50,50,1164,6659,1000,440,10,220,1100,100,650,250,800,62,8000,
246,146,多喜山城,たきやまじょう,永原重興,六角家,18,29,3,近江国,近江国,36,#1d00ff,27|35|40|90,1018029,1919,50,50,1252,4847,1000,380,0,120,600,50,350,250,500,61,5000,
27,147,壺笠山城,つぼかさやまじょう,三雲定持,六角家,18,29,2,近江国,近江国,36,#ff7700,26|35s|90|177|246,1018034,2509,50,50,1406,8368,1000,500,10,280,800,100,400,400,800,63,7000,
40,148,日野城,ひのじょう,蒲生賢秀,六角家,18,29,1,近江国,近江国,36,#ffae00,28|35|43|77|246,1018014,2270,50,50,1344,7019,1000,450,10,220,900,100,650,350,700,62,6000,
26,149,二条城,にじょうじょう,足利義藤,足利家,17,30,0,山城国,山城国,37,#ff7200,27|82|90|177|179|181,1017003,3261,40,40,1426,8011,1000,650,10,260,1100,0,0,500,1000,63,30000,
90,150,槇島城,まきしまじょう,和田惟政,足利家,17,30,0,山城国,山城国,37,#83ff00,26|27|34|43|53|246,1017035,2020,40,40,828,5056,1000,400,10,170,800,0,0,400,800,64,20000,
39,151,信貴山城,しぎさんじょう,松永久秀,三好家,20,31,3,大和国,大和国,38,#ffaa00,47|53|56|80,1202002,3893,60,60,2832,10132,1000,1160,30,220,1100,200,800,550,1100,66,18000,
53,152,筒井城,つついじょう,筒井順慶,筒井家,9,31,0,大和国,大和国,38,#ffe500,34|39|56|80|90,1009003,3197,50,50,1588,7976,1000,630,10,240,1200,100,750,500,1000,64,15000,
34,153,飯盛山城,いいもりやまじょう,安見宗房,畠山家,41,32,1,河内国,河内国,39,#ff9400,33|51|53|56|90|181,1041037,3324,50,50,1704,7542,1000,660,10,210,1900,0,0,200,1900,62,18000,
56,154,高屋城,たかやじょう,畠山高政,畠山家,41,32,0,河内国,河内国,39,#fff200,33|34|38|39|53|102,1041012,2991,50,50,1410,9068,1000,590,10,310,1100,0,0,600,1200,65,13000,
38,155,岸和田城,きしわだじょう,三好長逸,三好家,20,33,0,和泉国,和泉国,40,#ffa500,33|42|51s|56|87s|102,1020021,3182,60,60,2006,8576,1000,950,30,230,900,0,0,600,1200,63,23000,
181,156,芥川山城,あくたがわやまじょう,三好長慶,三好家,20,34,0,摂津国,摂津国,41,#00f6ff,26|34|51,1020005,3601,70,70,2084,11805,1000,1080,180,360,1200,100,350,600,900,72,23000,
33,157,石山御坊,いしやまごぼう,本願寺顕如,本願寺家,19,34,0,摂津国,摂津国,41,#ff9000,34|38|42s|51|56|175s,1019005,4761,50,70,2376,10524,1000,1420,350,280,1400,0,0,900,1800,68,29000,
51,158,伊丹城,いたみじょう,池田長正,三好家,20,34,5,摂津国,摂津国,41,#ffdd00,22|25|33|34|38s|82|181,1203002,2616,60,60,1554,8620,1000,780,20,280,1200,50,500,400,800,62,15000,
42,159,雑賀城,さいかじょう,鈴木重秀,鈴木家,21,35,0,紀伊国,紀伊国,42,#ffb600,33s|38|87s|102,1021004,2996,50,70,1476,7487,1000,890,220,220,1200,300,1100,700,1400,68,11000,
178,160,新宮城,しんぐうじょう,堀内氏虎,堀内家,65,35,0,紀伊国,紀伊国,42,#00fffa,47|78s|102,1065001,1916,50,50,980,4865,1000,380,0,150,1000,100,650,400,800,60,5000,
102,161,手取城,てどりじょう,畠山秋高,畠山家,41,35,0,紀伊国,紀伊国,42,#4cff00,38|42|56|87s|130s|178,1041016,1899,30,30,1046,5068,1000,370,0,150,800,200,900,400,800,63,5000,
87,162,洲本城,すもとじょう,安宅冬康,三好家,20,36,0,淡路国,淡路国,43,#90ff00,25s|38s|42s|102s|104s|127s|129s|130s|175s,1020011,1610,60,60,1038,4572,1000,480,10,130,700,100,750,350,700,59,6000,
179,163,荒木城,あらきじょう,荒木氏綱,波多野家,14,37,0,丹波国,丹波国,44,#00ffff,22|26|82,1014009,2295,50,50,1392,5713,1000,450,10,150,700,50,600,400,700,61,4000,
83,164,黒井城,くろいじょう,荻野直正,荻野家,66,37,0,丹波国,丹波国,44,#a1ff00,22|25|81|85,1066004,3974,60,60,2318,8836,1000,1780,10,210,1000,150,800,750,1500,64,10000,
82,165,籾井城,もみいじょう,波多野元秀,波多野家,14,37,0,丹波国,丹波国,44,#a5ff00,22|26|51|179,1014003,3058,50,50,1758,7916,1000,910,10,220,1000,150,800,550,800,64,9000,
22,166,八上城,やがみじょう,松永長頼,三好家,20,37,4,丹波国,丹波国,44,#ff6100,51|81|82|83|179,1202004,1721,60,60,1012,3720,1000,510,10,100,1300,100,800,300,1600,46,11000,
81,167,建部山城,たけべやまじょう,稲富祐秀,一色家,13,38,0,丹後国,丹後国,45,#a9ff00,21|22|83|85|241,1013013,2469,50,50,1404,5761,1000,490,10,150,900,100,750,250,500,62,12000,
21,168,弓木城,ゆみのきじょう,一色義員,一色家,13,38,0,丹後国,丹後国,45,#ff5d00,18s|81|85|238,1013005,2342,50,50,1290,5603,1000,460,10,150,900,0,0,300,600,65,11000,
238,169,芦屋城,あしやじょう,山名祐豊,山名家,39,39,0,但馬国,但馬国,46,#0008ff,21|84|85,1039010,2377,50,50,1220,6313,1000,470,10,200,800,100,700,450,900,60,9000,
85,170,竹田城,たけだじょう,太田垣朝延,山名家,39,39,1,但馬国,但馬国,46,#99ff00,21|81|83|84|86|238|239,1039017,2823,50,50,1650,5517,1000,560,10,110,1000,200,1200,500,1000,65,15000,
104,171,置塩城,おしおじょう,赤松義祐,赤松家,40,40,0,播磨国,播磨国,47,#43ff00,86|87s|114|127s|175s|239,1040003,2661,50,50,1412,6683,1000,530,10,190,1500,100,500,600,1200,66,12000,
103,172,神吉城,かんきじょう,神吉頼氏,別所家,16,40,0,播磨国,播磨国,47,#48ff00,25|86,1016019,1796,50,50,910,4230,1000,350,0,130,900,0,250,600,1200,55,5000,
86,173,御着城,ごちゃくじょう,小寺則職,赤松家,40,40,2,播磨国,播磨国,47,#94ff00,85|103|104|239,1040501,1910,50,50,988,5376,1000,380,0,170,800,100,650,500,1000,64,5000,
239,174,長水山城,ちょうずいさんじょう,赤松晴政,赤松家,40,40,1,播磨国,播磨国,47,#0004ff,84|85|86|104|112,1040002,1560,50,50,920,3196,1000,310,0,70,700,0,0,300,600,60,5000,
25,175,三木城,みきじょう,別所就治,別所家,16,40,0,播磨国,播磨国,47,#ff6e00,51|83|87s|103,1016009,2698,50,50,1288,6976,1000,530,10,220,1300,100,600,850,1700,64,10000,
105,176,鹿野城,しかのじょう,山名豊通,山名家,93,41,0,因幡国,因幡国,48,#3fff00,84|106|107|112,1039006,1659,50,50,924,3423,1000,330,0,80,900,0,0,400,800,62,5000,
84,177,鳥取城,とっとりじょう,武田高信,山名家,93,41,1,因幡国,因幡国,48,#9dff00,85|105|238|239,1226002,2073,50,50,1050,4317,1000,410,10,110,1400,0,350,500,1700,65,7000,
106,178,羽衣石城,うえしじょう,立原久綱,尼子家,43,42,0,伯耆国,伯耆国,49,#3bff00,105|107|113|112,1043040,1458,50,50,952,3123,1000,430,0,60,700,100,750,300,600,66,6000,
240,179,亀尾山城,かめおやまじょう,羽倉元蔭,尼子家,43,42,4,伯耆国,伯耆国,49,#0400ff,107|108|109|113,1043055,1326,50,50,824,2829,1000,260,0,60,500,0,500,350,700,62,5000,
107,180,八橋城,やばせじょう,川副久盛,尼子家,43,42,0,伯耆国,伯耆国,49,#37ff00,105|106|108|113|240,1043036,1511,50,50,1008,3216,1000,450,0,60,700,100,800,250,500,64,7000,
108,181,月山富田城,がっさんとだじょう,尼子晴久,尼子家,43,43,0,出雲国,出雲国,50,#33ff00,107|109|240,1043004,2831,50,50,1680,6988,1000,840,10,180,1200,50,750,800,1600,65,17000,
109,182,三刀屋城,みとやじょう,三刀屋久扶,尼子家,43,43,2,出雲国,出雲国,50,#2eff00,108|110|119|240,1043048,1422,50,50,884,3343,1000,420,0,80,600,100,800,350,700,62,5000,
111,183,高津城,たかつじょう,市川経好,毛利家,25,44,1,石見国,石見国,51,#21ff00,110|122|123|124|125|250,1025023,1393,60,60,1018,3436,1000,410,0,70,600,150,800,250,500,64,5000,
110,184,山吹城,やまぶきじょう,本城常光,尼子家,43,44,1,石見国,石見国,51,#26ff00,109|111|119|250,1043043,1719,50,50,1040,4297,1000,510,0,110,900,150,800,500,1000,65,7000,
113,185,高田城,たかだじょう,三浦貞勝,三浦家,46,45,0,美作国,美作国,52,#19ff00,106|107|112|115|117|240,1046003,2214,50,50,1290,4394,1000,440,10,90,600,300,900,350,700,65,8000,
112,186,三星城,みつぼしじょう,後藤勝基,浦上家,44,45,0,美作国,美作国,52,#1dff00,105|106|113|114|115|239,1044011,2319,50,50,1404,4777,1000,460,10,100,800,300,900,450,900,62,10000,
115,187,岡山城,おかやまじょう,宇喜多直家,浦上家,44,46,1,備前国,備前国,53,#11ff00,112|113|114|116|117|127s,1210003,2234,50,50,1196,5368,1000,440,10,150,1200,50,200,400,1200,63,9000,
114,188,天神山城,てんじんやまじょう,浦上宗景,浦上家,44,46,0,備前国,備前国,53,#15ff00,104|112|115,1044005,2173,50,50,1052,6572,1000,430,10,220,1200,100,650,650,1300,66,6000,
116,189,高松城,たかまつじょう,三村元親,三村家,45,47,0,備中国,備中国,54,#0cff00,115|117|118,1045004,2159,50,50,1164,5281,1000,430,10,150,1000,100,650,400,800,62,8000,
117,190,松山城,まつやまじょう,三村家親,三村家,45,47,0,備中国,備中国,54,#08ff00,113|115|116|118|119,1045002,2326,50,50,1284,4930,1000,460,10,120,1000,100,500,550,1100,62,10000,
118,191,神辺城,かんなべじょう,杉原盛重,毛利家,25,48,1,備後国,備後国,55,#04ff00,116|117|119|121|128s|175s,1025077,1364,60,60,986,3361,1000,400,0,70,600,100,750,250,500,63,5000,
119,192,比叡尾山城,ひえびやまじょう,新見貞経,尼子家,43,48,3,備後国,備後国,55,#00ff00,109|110|117|118|120|121,1043042,1380,50,50,890,2989,1000,410,0,60,600,100,800,300,600,65,5000,
121,193,鏡山城,かがみやまじょう,小早川隆景,毛利家,25,49,2,安芸国,安芸国,56,#00ff08,118|119|120|122|175s,1025011,1999,60,60,1290,6208,1000,590,0,180,1000,0,250,450,900,65,11000,
122,194,佐東銀山城,さとうかなやまじょう,桂元澄,毛利家,25,49,0,安芸国,安芸国,56,#00ff0c,111|120|121|123|250,1025056,1292,60,60,968,2855,1000,380,0,50,400,300,1600,300,600,54,3000,
250,195,日野山城,ひのやまじょう,毛利元春,毛利家,25,49,1,安芸国,安芸国,56,#2e00ff,110|111|120|122,1025006,1882,60,60,1284,4930,1000,560,0,120,900,0,350,500,1000,62,11000,
120,196,吉田郡山城,よしだこおりやまじょう,毛利元就,毛利家,25,49,0,安芸国,安芸国,56,#00ff04,119|121|122|250,1025002,2750,60,60,1710,7854,1000,820,10,220,1400,200,900,1000,2000,65,16000,
124,197,高嶺城,こうのみねじょう,宍戸隆家,毛利家,25,50,0,周防国,周防国,57,#00ff15,111|123|125|126,1025066,2160,60,60,1350,6731,1000,640,10,200,1100,0,0,600,1200,65,12000,
123,198,高森城,たかもりじょう,福原貞俊,毛利家,25,50,0,周防国,周防国,57,#00ff10,111|122|124|125,1025089,1592,60,60,1044,4844,1000,470,0,140,900,0,0,350,700,62,7000,
126,199,櫛崎城,くしざきじょう,内藤隆春,毛利家,25,51,0,長門国,長門国,58,#00ff1d,124|125|143s|155s|174s,1025079,1506,60,60,1052,4135,1000,450,0,100,700,100,750,300,600,66,6000,
125,200,城ノ腰山城,じょうのこしやまじょう,吉見正頼,毛利家,25,51,0,長門国,長門国,58,#00ff19,111|123|124|126,1025098,1460,60,60,984,3937,1000,430,0,100,800,100,650,450,900,62,5000,
128,201,天霧城,あまぎりじょう,香川之景,香川家,63,52,0,讃岐国,讃岐国,59,#00ff26,118s|127|131|175s,1063007,2488,50,50,1350,5320,1000,490,10,130,900,100,400,600,900,65,11000,
127,202,十河城,そごうじょう,十河一存,三好家,20,52,2,讃岐国,讃岐国,59,#00ff22,87s|104s|115s|128|129|131,1020013,1479,60,60,984,3740,1000,440,10,90,800,0,0,300,600,62,6000,
130,203,牛岐城,うしきじょう,新開実綱,三好家,20,53,1,阿波国,阿波国,60,#00ff2e,87s|102s|129|131|132,1020040,1424,60,60,924,3817,1000,420,10,100,700,0,0,300,600,62,5000,
129,204,勝瑞城,しょうずいじょう,三好之虎,三好家,20,53,1,阿波国,阿波国,60,#00ff2a,87s|127|130|131,1020008,2388,60,60,1592,5621,1000,710,20,120,1500,100,400,650,1300,66,15000,
131,205,白地城,はくちじょう,大西輝武,大西家,64,53,0,阿波国,阿波国,60,#00ff33,127|128|129|130|132|133|134|138,1064003,2352,50,50,1220,5732,1000,470,10,170,1000,100,400,400,800,60,9000,
132,206,安芸城,あきじょう,安芸国虎,安芸家,47,54,0,土佐国,土佐国,61,#00ff37,130|131|133,1047002,1674,50,50,836,4252,1000,330,0,130,900,150,750,600,1200,63,2000,
134,207,岡豊城,おこうじょう,長宗我部国親,長宗我部家,42,54,0,土佐国,土佐国,61,#00ff3f,131|133|135,1042002,4246,60,70,2476,9900,1000,1270,20,240,1500,100,600,750,1500,68,13000,
133,208,香宗城,こうそうじょう,香宗我部親泰,長宗我部家,42,54,0,土佐国,土佐国,61,#00ff3b,131|132|134|135,1042012,2950,60,70,1990,6600,1000,880,10,130,800,100,450,250,500,65,5000,
137,209,宿毛城,すくもじょう,小島政章,一条家,50,54,0,土佐国,土佐国,61,#00ff4c,136|141|142|146s,1050015,1548,50,50,800,4311,1000,300,0,140,1000,100,400,400,800,60,2000,
136,210,中村御所,なかむらごしょ,一条兼定,一条家,50,54,0,土佐国,土佐国,61,#00ff48,135|137|142,1050005,2293,50,50,1160,5999,1000,450,10,190,1200,100,600,550,1100,60,8000,
135,211,本山城,もとやまじょう,本山茂辰,本山家,48,54,0,土佐国,土佐国,61,#00ff43,133|134|136|138|142,1048003,1506,50,50,744,3850,1000,300,0,120,900,0,0,450,900,62,2000,
140,212,大洲城,おおずじょう,宇都宮豊綱,宇都宮家,52,55,0,伊予国,伊予国,62,#00ff59,139|141|142|145s|146s,1052002,1502,50,50,800,3536,1000,300,0,100,800,100,400,350,700,60,2000,
142,213,大森城,おおもりじょう,渡辺政忠,西園寺家,51,55,0,伊予国,伊予国,62,#00ff61,135|136|137|139|140|141,1051023,1512,50,50,830,3596,1000,300,0,100,900,150,500,400,800,60,2000,
138,214,大除城,おおよけじょう,石川通清,河野家,49,55,0,伊予国,伊予国,62,#00ff50,131|135|139|175s,1049006,1498,50,50,830,3596,1000,290,0,100,900,150,500,350,700,60,2000,
141,215,黒瀬城,くろせじょう,西園寺実充,西園寺家,51,55,0,伊予国,伊予国,62,#00ff5d,137|140|142|145s|146s,1051002,2201,50,50,1190,5285,1000,440,10,150,1000,150,650,450,900,60,8000,
175,216,能島城,のしまじょう,村上武吉,毛利家,25,55,3,伊予国,伊予国,62,#00ffee,33s|87s|104s|118s|121s|128s|138s|143s|145s,1212006,1132,60,60,730,2572,1000,330,0,60,500,0,400,550,1100,55,2000,
139,217,湯築城,ゆづきじょう,河野通宣,河野家,49,55,0,伊予国,伊予国,62,#00ff54,138|140|142|145s,1049003,2064,50,50,1106,4792,1000,410,10,130,1000,0,0,450,900,63,8000,
144,218,城井谷城,きいだにじょう,城井長房,大友家,53,56,2,豊前国,豊前国,63,#00ff6a,143|145|147|148|149|176,1053025,1609,60,60,1078,4156,1000,560,0,100,800,150,750,250,500,64,6000,
143,219,小倉城,こくらじょう,秋月種冬,秋月家,55,56,0,豊前国,豊前国,63,#00ff66,126s|144|148|149|174s|175s,1055006,3492,60,60,2228,7856,1000,1040,10,170,1000,100,500,400,800,64,9000,
146,220,臼杵城,うすきじょう,大友義鎮,大友家,53,57,0,豊後国,豊後国,64,#00ff72,137s|140s|141s|147|162,1053003,2535,60,60,1496,6961,1000,880,10,200,1600,150,750,800,1600,63,13000,
147,221,岡城,おかじょう,戸次鑑連,大友家,53,57,0,豊後国,豊後国,64,#00ff77,144|145|146|158|159|176,1204005,1517,60,60,1042,3841,1000,530,0,90,700,300,900,250,500,61,4000,
145,222,杵築城,きつきじょう,吉弘鑑理,大友家,53,57,0,豊後国,豊後国,64,#00ff6e,139s|140s|141s|144|147|175s,1204008,1378,60,60,920,3196,1000,480,0,70,600,100,650,300,600,60,4000,
176,223,角牟礼城,つのむれじょう,志賀親守,大友家,53,57,0,豊後国,豊後国,64,#00fff2,144|147|149|150,1053034,1488,60,60,930,4077,1000,520,0,110,900,100,750,400,800,65,4000,
149,224,古処山城,こしょさんじょう,秋月種実,秋月家,55,58,0,筑前国,筑前国,65,#00ff7f,143|144|148|150|151|176,1055003,4338,50,50,2640,9540,1000,1300,20,220,1200,100,600,500,1000,60,16000,
148,225,立花山城,たちばなやまじょう,立花鑑載,大友家,53,58,1,筑前国,筑前国,65,#00ff7b,143|144|149|151|153|155s|174s|184s,1204003,1873,50,50,1242,3981,1000,650,0,80,1200,150,650,300,1200,56,9000,
150,226,柳川城,やながわじょう,蒲池鑑盛,大友家,53,59,4,筑後国,筑後国,66,#00ff83,149|151|152|154s|158|176,1053023,1865,60,60,1200,4819,1000,650,0,120,1000,50,350,400,800,65,9000,
156,227,玖島城,くしまじょう,大村純忠,有馬家,57,60,1,肥前国,肥前国,67,#00ff9d,154|155|157,1057007,1495,50,50,860,3656,1000,290,0,100,800,100,600,250,500,60,3000,
152,228,佐嘉城,さがじょう,龍造寺隆信,龍造寺家,54,60,0,肥前国,肥前国,67,#00ff87,150|151|153|154,1054010,3962,60,70,2314,8959,1000,1180,10,220,1600,50,350,900,1800,62,11000,
153,229,獅子ヶ城,ししがじょう,鶴田前,松浦家,56,60,1,肥前国,肥前国,67,#00ff8c,148|151|152|154|155,1056014,1448,50,50,832,3421,1000,280,0,90,700,50,400,250,500,61,3000,
154,230,須古城,すこじょう,平井経治,有馬家,57,60,2,肥前国,肥前国,67,#00ff94,150s|152|153|155|156|157,1057023,1575,50,50,860,3463,1000,310,0,90,1100,100,400,300,1200,60,3000,
151,231,勢福寺城,せいふくじじょう,江上武種,龍造寺家,54,60,1,肥前国,肥前国,67,#00ff90,148|149|150|152|153,1218006,2881,60,70,1980,5896,1000,860,10,100,600,100,600,300,600,60,5000,
157,232,日野江城,ひのえじょう,有馬晴純,有馬家,57,60,0,肥前国,肥前国,67,#00ffa1,154|156|158s|161s,1057001,1786,50,50,958,4716,1000,350,0,140,1000,150,750,500,1000,64,4000,
155,233,平戸城,ひらどじょう,松浦隆信,松浦家,56,60,0,肥前国,肥前国,67,#00ff98,126s|148s|153|154|156|174s|184s,1056002,1697,50,50,862,5043,1000,330,0,170,900,100,450,500,1000,61,3000,
159,234,岩尾城,いわおじょう,甲斐親直,阿蘇家,58,61,0,肥後国,肥後国,68,#00ffaa,147|158|162,1058008,1606,50,50,958,3316,1000,320,0,70,600,250,800,300,600,64,3000,
158,235,隈本城,くまもとじょう,阿蘇惟将,阿蘇家,58,61,0,肥後国,肥後国,68,#00ffa5,147|150|157s|159|161,1058003,2402,50,50,1228,5856,1000,480,10,170,1200,100,400,650,1300,64,9000,
160,236,人吉城,ひとよしじょう,相良義陽,相良家,59,61,0,肥後国,肥後国,68,#00ffae,161|164|167,1059008,2201,50,50,1228,4656,1000,440,10,110,900,100,600,500,1000,64,9000,
161,237,古麓城,ふるふもとじょう,上村頼孝,相良家,59,61,0,肥後国,肥後国,68,#00ffb2,157s|158|160|167,1059012,1771,50,50,982,4112,1000,350,0,110,800,100,600,350,700,61,5000,
162,238,縣城,あがたじょう,土持親成,大友家,53,62,3,日向国,日向国,69,#00ffb6,146|159|163,1053048,1477,60,60,988,3976,1000,510,0,100,700,300,1000,300,600,64,3000,
165,239,飫肥城,おびじょう,北郷忠親,島津家,26,62,2,日向国,日向国,69,#00ffc3,163|164|166|172,1026032,1486,60,60,986,3956,1000,370,10,100,800,300,900,350,700,63,3000,
167,240,加久藤城,かくとうじょう,島津義弘,島津家,26,62,0,日向国,日向国,69,#00ffcb,160|161|164|166|168|171,1026013,1435,60,60,870,3554,1000,350,10,90,800,100,400,650,1300,65,3000,
163,241,高城,たかじょう,米良祐次,伊東家,60,62,0,日向国,日向国,69,#00ffbb,162|164|165,1060023,1522,50,50,870,3151,1000,300,0,70,800,100,400,350,700,65,3000,
164,242,都於郡城,とのこおりじょう,伊東義祐,伊東家,60,62,0,日向国,日向国,69,#00ffbf,160|163|165|166|167,1060003,2201,50,50,1284,4537,1000,440,10,100,900,300,900,450,900,62,8000,
166,243,都之城,みやこのじょう,山田有信,島津家,26,62,0,日向国,日向国,69,#00ffc7,164|165|167|171|172|173,1026075,1509,60,60,930,3876,1000,370,10,100,900,100,400,550,1100,65,4000,
169,244,内城,うちじょう,島津貴久,島津家,26,63,0,薩摩国,薩摩国,70,#00ffd4,168|170|171|172s,1026011,2705,60,60,1596,7315,1000,670,20,200,1600,300,900,850,1900,68,13000,
170,245,土矢倉城,つちやぐらじょう,頴娃兼堅,島津家,26,63,3,薩摩国,薩摩国,70,#00ffd8,169|173s|185s,1026045,1306,60,60,830,3403,1000,320,10,90,800,50,250,300,600,60,3000,
168,246,平佐城,ひらさじょう,島津義虎,島津家,26,63,1,薩摩国,薩摩国,70,#00ffd0,167|169|171,1026026,1531,60,60,1028,4133,1000,380,10,100,800,250,750,250,500,69,4000,
185,247,赤尾木城,あかおぎじょう,種子島恵時,島津家,26,64,4,大隅国,大隅国,80,#00e5ff,170s|173s,1026063,1221,50,50,796,2544,1000,300,610,50,500,0,200,350,700,58,3000,
171,248,加治木城,かじきじょう,島津歳久,島津家,26,64,0,大隅国,大隅国,80,#00ffdc,166|167|168|169|172,1026015,1472,60,60,920,3970,1000,360,0,110,900,200,750,500,1000,60,3000,
173,249,高山城,こうやまじょう,肝付兼続,肝付家,61,64,0,大隅国,大隅国,80,#00ffe5,166|170s|172|185s,1061005,1705,50,50,958,3916,1000,420,0,100,800,150,750,350,700,64,4000,
172,250,垂水城,たるみずじょう,伊地知重興,肝付家,61,64,0,大隅国,大隅国,80,#00ffe1,165|166|169s|171|173,1061020,1605,50,50,920,3583,1000,400,0,90,900,100,400,250,500,60,4000,
184,251,亀丘城,かめのおじょう,有馬鎮,松浦家,56,66,2,壱岐国,壱岐国,81,#00e9ff,148s|155s|174s,1057005,1470,50,50,880,2687,1000,290,0,50,500,50,200,350,700,55,4000,
174,252,厳原城,いずはらじょう,宗義調,宗家,62,68,0,対馬国,対馬国,82,#00ffe9,126s|143s|148s|155s|184s,1062018,2299,50,50,1434,4300,1000,220,10,70,600,100,600,500,1000,67,4000,