id,sortNo,name,yomi,城主名確認用,大名確認用,ownerClan,provinceId,legionId,provinceName,国2,国1,castlesColorCode,adjacentCastle,castellanId,soldiers,training,morale,gold,rice,ammo,horses,guns,kokudaka,maxKokudaka,commerce,maxCommerce,defense,maxDefense,peoplesLoyalty,population
187,1,徳山館,とくやまやかた,,蠣崎家,67,67,0,蝦夷国,蝦夷国,1,#00dcff,188s|191s,,2000,50,50,1108,3640,1000,800,20,200,800,300,1000,500,1000,64,5000
190,2,石川城,いしかわじょう,,南部家,68,1,0,陸奥国,陸奥国,2,#00d0ff,188|189|217,,1000,50,50,1264,2812,1000,200,10,160,1000,150,600,550,1100,67,9000
188,3,大開城,おおびらきじょう,,南部家,68,1,0,陸奥国,陸奥国,2,#00d8ff,187s|189|190|191s,,1000,50,50,860,1962,1000,200,10,90,400,100,400,250,500,60,3000
191,4,蠣崎城,かきざきじょう,,南部家,68,1,0,陸奥国,陸奥国,2,#00cbff,187s|188s|189s|192,,1000,50,50,834,1803,1000,200,10,70,400,50,300,250,500,62,3000
189,5,浪岡城,なみおかじょう,,浪岡家,69,1,0,陸奥国,陸奥国,2,#00d4ff,188|190|191s|192|196,,2000,50,50,1112,3288,1000,400,20,160,600,200,600,350,700,66,6000
195,6,九戸城,くのへじょう,,南部家,68,1,0,陸奥国,陸奥国,2,#00bbff,193|194|196|197,,1000,50,50,1020,2160,1000,200,10,100,700,150,800,300,600,65,5000
194,7,三戸城,さんのへじょう,,南部家,68,1,0,陸奥国,陸奥国,2,#00bfff,192|193|195|196,,2000,50,50,1472,4199,1000,400,20,250,1200,200,900,700,1400,66,12000
192,8,野辺地城,のへじじょう,,南部家,68,1,0,陸奥国,陸奥国,2,#00c7ff,189|191|193|194,,1000,50,50,868,2640,1000,200,10,150,600,100,400,350,700,64,3000
193,9,八戸城,はちのへじょう,,南部家,68,1,0,陸奥国,陸奥国,2,#00c3ff,192|194|195,,1000,50,50,934,2405,1000,200,10,120,500,100,500,250,500,67,4000
199,10,大林城,おおばやしじょう,,葛西家,70,1,0,陸奥国,陸中国,3,#00aeff,198|200|202,,1000,50,50,842,1776,1000,200,10,60,300,50,300,400,800,66,3000
197,11,雫石城,しずくいしじょう,,斯波家,71,1,0,陸奥国,陸中国,3,#00b6ff,195|196|198|220,,2000,50,50,958,2540,1000,400,20,90,800,50,400,400,800,64,5000
198,12,鳥谷ヶ崎城,とやがさきじょう,,稗貫家,72,1,0,陸奥国,陸中国,3,#00b2ff,197|199,,2000,50,50,956,2620,1000,400,20,100,600,50,300,400,800,63,5000
196,13,花輪館,はなわたて,花輪親行,安東家,73,1,2,陸奥国,陸中国,3,#00aaff,189|194|195|197|217,1073017,1500,50,50,954,1955,1000,300,10,60,400,50,300,350,700,62,5000
201,14,石巻城,いしのまきじょう,,葛西家,70,1,0,陸奥国,陸前国,4,#00a1ff,200|204|205,,1500,50,50,872,2026,1000,300,10,60,400,100,400,250,500,66,3000
205,15,北目城,きためじょう,粟野長国,伊達家,74,1,4,陸奥国,陸前国,4,#0061ff,201|204|206|207,1074018,1000,50,50,932,1776,1000,200,10,60,400,100,400,250,500,66,4000
204,16,鶴楯城,つるたてじょう,,黒川家,75,1,0,陸奥国,陸前国,4,#0094ff,201|203|205|224,,2000,50,50,1056,2721,1000,400,20,100,600,100,400,400,800,68,6000
200,17,寺池城,てらいけじょう,,葛西家,70,1,0,陸奥国,陸前国,4,#00a5ff,199|201,,1500,50,50,998,2492,1000,300,10,100,500,100,400,450,900,69,5000
203,18,名生城,みょううじょう,,大崎家,76,1,0,陸奥国,陸前国,4,#0098ff,202|204,,2000,50,50,1058,2742,1000,400,20,100,600,100,400,300,600,69,6000
202,19,湯山城,ゆやまじょう,,大崎家,76,1,0,陸奥国,陸前国,4,#009dff,199|203|221,,1500,50,50,834,2152,1000,300,10,80,400,50,200,250,500,62,3000
209,20,小高城,おだかじょう,,相馬家,77,1,0,陸奥国,磐城国,5,#0083ff,208|210|211,,1500,50,50,1020,2612,1000,300,10,120,500,50,300,350,700,65,6000
213,21,白河小峰城,しらかわこみねじょう,,白河家,78,1,0,陸奥国,磐城国,5,#0072ff,59|62|210|212|231,,2000,50,50,1024,2701,1000,400,20,100,500,50,300,300,600,67,6000
206,22,白石城,しろいしじょう,白石宗利,伊達家,74,1,3,陸奥国,磐城国,5,#0090ff,205|207|208|214|226,1074048,1000,50,50,1230,2362,1000,200,10,120,600,100,400,300,600,65,9000
212,23,須賀川城,すかがわじょう,二階堂輝行,二階堂家,79,1,0,陸奥国,磐城国,5,#0077ff,210|211|213,1079002,2000,50,50,1026,2721,1000,400,20,100,500,50,300,350,700,68,6000
210,24,飯野平城,いいのたいらじょう,岩城重隆,岩城家,80,1,0,陸奥国,磐城国,5,#007fff,59|209|212|213,1080002,2000,50,50,834,2501,1000,400,20,90,500,50,400,250,500,62,3000
208,25,相馬中村城,そうまなかむらじょう,,相馬家,77,1,0,陸奥国,磐城国,5,#0087ff,206|207|209,,2000,50,50,1142,3491,1000,400,20,180,700,150,400,450,900,66,7000
211,26,三春城,みはるじょう,,田村家,81,1,0,陸奥国,磐城国,5,#007bff,209|212|215|216,,1500,50,50,958,2290,1000,300,10,90,500,50,400,400,800,64,5000
207,27,亘理城,わたりじょう,亘理元宗,伊達家,74,1,1,陸奥国,磐城国,5,#008cff,205|206|208,1074065,1000,50,50,900,2462,1000,200,10,130,600,150,600,250,500,65,3000
216,28,猪苗代城,いなわしろじょう,猪苗代盛国,蘆名家,33,1,0,陸奥国,岩代国,6,#0066ff,61|62|211|214|215|228,1033016,1000,50,50,840,1858,1000,200,10,70,400,50,400,350,700,65,3000
61,29,黒川城,くろかわじょう,蘆名盛氏,蘆名家,33,1,0,陸奥国,岩代国,6,#faff00,15|62|216|228,1033010,2000,50,50,1622,4402,1000,400,20,270,1000,150,800,650,1300,66,15000
62,30,塩生城,しおぶじょう,平田舜範,蘆名家,33,1,0,陸奥国,岩代国,6,#f6ff00,61|213|216|231,1033030,2000,50,50,924,3291,1000,400,20,170,500,100,600,250,500,62,4000
214,31,杉目城,すぎのめじょう,中野宗時,伊達家,74,1,2,陸奥国,岩代国,6,#006eff,206|215|216|228,1074054,1000,50,50,1030,1951,1000,200,10,70,500,150,300,250,500,70,5000
215,32,二本松城,にほんまつじょう,,二本松家,82,1,0,陸奥国,岩代国,6,#006aff,211|214|216,,2000,50,50,1020,2560,1000,400,20,90,500,150,500,300,600,65,5000
220,33,角館城,かくのだてじょう,,戸沢家,83,2,0,出羽国,羽後国,7,#0050ff,197|218|219|221,,2000,50,50,1170,2660,1000,400,20,100,500,200,600,350,700,65,7000
217,34,十狐城,とっこじょう,浅利則祐,浅利家,84,2,0,出羽国,羽後国,7,#005dff,190|196|218,1084003,1500,50,50,986,2469,1000,300,10,110,600,100,400,350,700,63,5000
218,35,檜山城,ひやまじょう,安東愛季,安東家,73,2,0,出羽国,羽後国,7,#0059ff,217|219|220,1073003,2000,50,50,1446,3541,1000,400,20,180,900,150,500,500,1000,68,12000
219,36,湊城,みなとじょう,安東茂季,安東家,73,2,1,出羽国,羽後国,7,#0054ff,218|220|243,1073007,1500,50,50,1020,2813,1000,300,10,140,600,150,500,350,700,65,5000
243,37,山根城,やまねじょう,赤尾津家保,赤尾津家,85,2,0,出羽国,羽後国,7,#1000ff,219|221|244,1085001,2000,50,50,806,2322,1000,400,20,70,400,0,0,300,600,63,3000
221,38,横手城,よこてじょう,,小野寺家,86,2,0,出羽国,羽後国,7,#004cff,202|220|222|243,,2000,50,50,1146,3541,1000,400,20,180,600,150,600,550,1100,68,7000
223,39,尾浦城,おうらじょう,,大宝寺家,87,2,0,出羽国,羽前国,8,#0043ff,20|222|225|244,,2000,50,50,932,2681,1000,400,20,100,600,0,0,400,800,66,5000
227,40,小国城,おぐにじょう,小梁川盛宗(二代目),伊達家,74,2,0,出羽国,羽前国,8,#0033ff,20|226|228,1074041,1000,50,50,1016,2915,1000,200,10,180,800,50,100,250,500,63,6000
222,41,鮭延城,さけのべじょう,,小野寺家,86,2,0,出羽国,羽前国,8,#0048ff,221|223|224|225|244,,1500,50,50,816,2062,1000,300,10,60,400,0,0,250,500,68,3000
225,42,天童城,てんどうじょう,,天童家,88,2,0,出羽国,羽前国,8,#003bff,222|223|224|226,,2000,50,50,1146,3336,1000,400,20,160,800,50,200,450,900,68,8000
244,43,東禅寺城,とうぜんじじょう,,大宝寺家,87,2,0,出羽国,羽前国,8,#1500ff,222|223|243,,1500,50,50,810,2108,1000,300,10,70,400,0,0,250,500,65,3000
224,44,延沢城,のべさわじょう,,天童家,88,2,1,出羽国,羽前国,8,#003fff,204|222|225,,1500,50,50,900,2612,1000,300,10,120,600,50,300,350,700,65,4000
226,45,山形城,やまがたじょう,,最上家,89,2,0,出羽国,羽前国,8,#0037ff,206|225|227|228,,3000,70,70,2606,7566,1000,1350,70,360,1300,200,600,750,1500,73,14000
228,46,米沢城,よねざわじょう,伊達晴宗,伊達家,74,2,0,出羽国,羽前国,8,#002eff,61|214|216|226|227,1074003,2000,50,50,1636,4722,1000,400,20,280,1600,150,400,700,1400,73,15000
94,47,雑太城,さわだじょう,本間泰高,長尾家,2,65,5,佐渡国,佐渡国,9,#72ff00,2s|15s|20s|95s,1001087,500,60,60,790,1427,1000,200,0,70,300,0,2000,350,700,55,3000
2,48,春日山城,かすがやまじょう,長尾景虎,長尾家,2,3,0,越後国,越後国,10,#ff1500,1|17s|68|70|72s|94s|95,1001015,3000,70,70,2438,6231,1000,1200,30,390,1600,300,1000,1050,2100,69,27000
68,49,坂戸城,さかどじょう,長尾政景,長尾家,2,3,1,越後国,越後国,10,#ddff00,2|15|89|95,1001004,2000,60,60,1646,4408,1000,800,20,280,1000,100,600,450,900,63,16000
15,50,新発田城,しばたじょう,新発田長敦,長尾家,2,3,2,越後国,越後国,10,#ff4400,20|61|68|94s|95,1001048,1500,60,60,1590,4221,1000,600,10,280,1000,200,800,450,900,65,14000
20,51,本庄城,ほんじょうじょう,本庄繁長,長尾家,2,3,3,越後国,越後国,10,#ff5900,15|94s|223|227,1001085,1500,60,60,1352,3544,1000,600,10,210,700,200,800,300,600,66,10000
95,52,与板城,よいたじょう,直江景綱,長尾家,2,3,0,越後国,越後国,10,#6eff00,2|15|68|94s,1001059,2000,60,60,1230,3666,1000,800,20,200,700,100,600,400,800,65,9000
1,53,魚津城,うおづじょう,斎藤朝信,長尾家,2,4,0,越中国,越中国,11,#ff1100,2|17s|24|72s|91,1001037,1500,60,60,1440,3014,1000,600,10,160,700,350,1000,250,500,65,10000
24,54,富山城,とやまじょう,椎名康胤,長尾家,2,4,6,越中国,越中国,11,#ff6a00,1|91|242,1001043,1500,50,50,1754,3707,1000,300,10,210,800,250,700,550,1100,72,16000
242,55,増山城,ますやまじょう,,神保家,11,4,0,越中国,越中国,11,#0c00ff,17|24|74|91,,2500,50,50,1200,2709,1000,500,20,80,400,150,400,300,600,65,8000
16,56,一乗谷城,いちじょうだにじょう,朝倉延景,朝倉家,7,5,0,越前国,越前国,12,#ff4800,18|75|76,1007008,3000,60,60,2400,6534,1000,1200,70,380,1700,300,900,850,1900,80,26000
75,57,亥山城,いやまじょう,朝倉景隆,朝倉家,7,5,1,越前国,越前国,12,#c3ff00,16|19|74|76,1007026,2000,60,60,1582,5459,1000,800,50,340,1100,150,800,500,1000,76,14000
18,58,金ヶ崎城,かながさきじょう,朝倉景紀,朝倉家,7,5,2,越前国,越前国,12,#ff5000,16|21s|23|76|79|177,1007018,2000,60,60,1358,3876,1000,800,50,210,600,200,800,350,700,69,10000
76,59,北庄城,きたのしょうじょう,北庄景行,朝倉家,7,5,3,越前国,越前国,12,#bfff00,16|18|19|75,1007038,2500,60,60,1454,5046,1000,1000,60,290,800,150,800,300,600,72,12000
74,60,尾山御坊,おやまごぼう,七里頼周,本願寺家,19,6,1,加賀国,加賀国,13,#c7ff00,17|19|75|92|242,1019021,3500,50,50,2042,5253,1000,1050,2270,280,1500,250,1000,800,1600,66,21000
19,61,大聖寺城,だいしょうじじょう,見つかりません,見つかりません,0,6,0,加賀国,加賀国,13,#ff5500,74|75|76,0,1500,30,30,1338,2870,1000,0,0,160,800,200,800,300,600,59,10000
17,62,七尾城,ななおじょう,畠山義綱,畠山家,8,7,0,能登国,能登国,14,#ff4c00,1s|2s|72|74|242,1008003,2500,50,50,1952,5057,1000,500,20,310,1200,400,1200,900,1800,66,18000
72,63,松波城,まつなみじょう,長続連,畠山家,8,7,1,能登国,能登国,14,#cbff00,1s|2s|17,1008011,1500,50,50,1374,2942,1000,300,10,160,700,150,800,250,500,62,11000
241,64,砕導山城,さいちやまじょう,逸見昌経,武田家,38,8,1,若狭国,若狭国,15,#0800ff,79|81|177,1038016,1500,50,50,996,1891,1000,300,10,70,400,50,200,250,500,53,6000
79,65,後瀬山城,のちせやまじょう,武田元栄,武田家,38,8,0,若狭国,若狭国,15,#b2ff00,18|177|241,1038004,2500,50,50,1764,3678,1000,500,20,200,800,120,500,450,900,56,18000
55,66,岩殿山城,いわどのやまじょう,小山田信茂,武田家,3,9,2,甲斐国,甲斐国,16,#ffee00,9|14|97,1002039,1000,60,60,1262,3092,1000,600,10,190,700,250,1000,500,1000,66,8000
245,67,下山城,しもやまじょう,穴山信君,武田家,3,9,3,甲斐国,甲斐国,16,#1900ff,9|13,1002023,1000,50,50,904,2099,1000,600,10,90,400,150,600,300,600,67,3000
9,68,躑躅ヶ崎館,つつじがさきやかた,武田晴信,武田家,3,9,0,甲斐国,甲斐国,16,#ff2e00,8|55|88|229|245,1002002,3000,70,70,2132,4699,1000,1800,30,250,900,400,1800,600,1200,66,21000
8,69,飯田城,いいだじょう,秋山虎繁,武田家,3,10,0,信濃国,信濃国,17,#ff2a00,4|9|45|52|54,1002017,2500,60,60,1026,3041,1000,1500,20,140,400,200,800,350,700,53,5000
70,70,飯山城,いいやまじょう,柿崎景家,長尾家,2,10,0,信濃国,信濃国,17,#d4ff00,2|5,1001026,2500,60,60,1196,3466,1000,1000,20,160,600,150,800,550,1100,63,8000
5,71,海津城,かいづじょう,春日虎綱,武田家,3,10,1,信濃国,信濃国,17,#ff2200,30|70|89|96,1002041,2500,60,60,1162,3222,1000,1500,20,140,600,200,800,500,1000,61,7000
229,72,小諸城,こもろじょう,武田信繁,武田家,3,10,0,信濃国,信濃国,17,#0000ff,9|30|31|88,1002013,2000,50,50,1174,2905,1000,1200,20,120,400,200,600,300,600,67,7000
88,73,高遠城,たかとおじょう,保科正俊,武田家,3,10,0,信濃国,信濃国,17,#8cff00,9|30|52|229,1002066,2000,60,60,1292,3794,1000,1200,20,210,700,100,600,550,1100,66,10000
30,74,戸石城,といしじょう,真田幸綱,武田家,3,10,4,信濃国,信濃国,17,#ff8300,5|31|88|89|96|229,1209002,2500,60,60,1528,4190,1000,1500,20,230,800,200,800,500,1000,64,13000
96,75,深志城,ふかしじょう,馬場信房,武田家,3,10,1,信濃国,信濃国,17,#65ff00,5|29|30|52|91,1002059,2500,60,60,970,2992,1000,1500,20,130,500,100,600,550,1100,55,5000
52,76,福島城,ふくしまじょう,木曾義康,武田家,3,10,5,信濃国,信濃国,17,#ffe100,4|8|29|88|96,1002046,1500,60,60,1140,2474,1000,900,10,140,600,100,600,500,1000,50,8000
89,77,沼田城,ぬまたじょう,沼田顕泰,長尾家,2,11,4,上野国,上野国,18,#87ff00,5|6|30|31|66|68,1001077,2000,60,60,1180,3740,1000,800,20,210,600,120,700,350,700,64,8000
6,78,厩橋城,まやばしじょう,北条高広,長尾家,2,11,4,上野国,上野国,18,#ff2600,31|41|66|89|93,1001031,2000,60,60,1412,5110,1000,800,20,340,1200,100,600,900,1800,66,12000
31,79,箕輪城,みのわじょう,,長野家,31,11,0,上野国,上野国,18,#ff8800,6|30|89|93|229,,3000,50,50,1836,5373,1000,600,30,310,900,200,800,800,1600,68,18000
32,80,宇都宮城,うつのみやじょう,宇都宮広綱,宇都宮家,28,12,0,下野国,下野国,19,#ff8c00,59|63|231|232|237|248|249,1028007,2000,50,50,1744,5553,1000,400,20,380,1000,50,500,700,1400,67,18000
231,81,大田原城,おおたわらじょう,,那須家,34,12,0,下野国,下野国,19,#0026ff,32|62|63|213|248,,1500,50,50,996,2266,1000,300,10,80,400,100,400,350,700,68,5000
248,82,鹿沼城,かぬまじょう,座禅院昌膳,宇都宮家,28,12,1,下野国,下野国,19,#2600ff,32|66|231|249,1215007,1000,50,50,866,2617,1000,200,10,150,600,0,200,300,600,63,4000
66,83,唐沢山城,からさわやまじょう,,佐野家,36,12,0,下野国,下野国,19,#e5ff00,6|37|41|89|232|235|248|249,,3000,50,50,1316,4113,1000,600,30,200,700,50,400,350,700,63,11000
63,84,烏山城,からすやまじょう,,那須家,34,12,0,下野国,下野国,19,#f2ff00,32|59|231,,2500,50,50,1556,3764,1000,500,20,190,600,50,500,300,600,63,15000
232,85,祇園城,ぎおんじょう,,結城家,29,12,0,下野国,下野国,19,#0022ff,32|37|66|249,,1500,50,50,1056,2676,1000,300,10,120,400,100,400,300,600,68,6000
249,86,壬生城,みぶじょう,壬生綱雄,宇都宮家,28,12,1,下野国,下野国,19,#2a00ff,32|66|232|248,1215003,1000,50,50,1384,2812,1000,200,10,160,800,50,400,400,800,67,12000
46,87,久留里城,くるりじょう,,里見家,27,13,0,上総国,上総国,20,#ffc700,58|65|67s|99,,2500,50,50,1646,5155,1000,500,20,330,900,0,0,700,1400,63,17000
65,88,万喜城,まんぎじょう,,里見家,27,13,0,上総国,上総国,20,#e9ff00,46|58|99|233,,1500,50,50,1590,3416,1000,300,10,200,700,0,0,250,500,65,16000
235,89,古河城,こがじょう,足利義氏,足利家,91,14,0,下総国,下総国,21,#001dff,10|37|41|66|234,1091006,3000,50,50,2024,5581,1000,1050,300,250,1000,0,0,450,900,62,15000
58,90,佐倉城,さくらじょう,,千葉家,92,14,0,下総国,下総国,21,#fff600,46|64|65|67|69|233|234,,2500,60,60,1482,4180,1000,620,20,210,800,0,0,400,800,71,14000
234,91,関宿城,せきやどじょう,足利藤氏,長尾家,2,14,7,下総国,下総国,21,#0015ff,10|37|58|64|69|235,1091005,3000,50,50,1094,2808,1000,1200,30,80,600,0,0,300,600,57,8000
233,92,森山城,もりやまじょう,,千葉家,92,14,0,下総国,下総国,21,#0019ff,58|60|64|65,,2000,50,50,1180,2762,1000,400,20,100,600,0,0,300,600,70,9000
37,93,結城城,ゆうきじょう,,結城家,29,14,0,下総国,下総国,21,#ffa100,64|66|234|232|235|237,,2500,50,50,1586,5453,1000,500,20,360,1000,0,0,650,1300,63,16000
237,94,小栗城,おぐりじょう,芳賀高定,宇都宮家,28,15,0,常陸国,常陸国,22,#000cff,32|37|59|60|64|247,1028033,1500,50,50,1204,2451,1000,300,10,100,400,150,500,250,500,67,8000
64,95,小田城,おだじょう,,小田家,35,15,0,常陸国,常陸国,22,#edff00,37|58|60|233|234|237,,3000,50,50,1626,4581,1000,600,30,250,800,170,900,600,1200,62,15000
60,96,土浦城,つちうらじょう,佐竹義堅,佐竹家,32,15,1,常陸国,常陸国,22,#ffff00,64|233|237|247,1032019,1500,50,50,1354,3266,1000,300,10,180,1200,100,500,550,1100,67,11000
59,97,舞鶴城,まいづるじょう,佐竹義昭,佐竹家,32,15,0,常陸国,常陸国,22,#fffa00,32|63|210|213|237|247,1032004,2000,50,50,1896,5078,1000,400,20,330,1600,200,1000,700,1400,68,19000
247,98,水戸城,みとじょう,佐竹義廉,佐竹家,32,15,2,常陸国,常陸国,22,#2100ff,59|60|237,1032014,1500,50,50,1234,2553,1000,300,10,110,800,100,400,400,800,67,9000
99,99,岡本城,おかもとじょう,,里見家,27,16,0,安房国,安房国,23,#59ff00,14s|46|65|98s|236s,,1000,50,50,1168,3740,1000,200,10,260,900,0,0,500,1000,64,9000
69,100,岩槻城,いわつきじょう,太田資正,太田家,37,17,0,武蔵国,武蔵国,24,D8ff00,10|58|67|234,1037013,3000,50,50,1400,4034,1000,600,30,200,700,0,0,350,700,60,13000
67,101,江戸城,えどじょう,北条氏堯,北条家,4,17,1,武蔵国,武蔵国,24,#e1ff00,10|14|46s|58|69|97|236,1003016,2000,60,60,1084,3675,1000,700,20,160,1300,0,0,350,1900,82,7000
41,102,忍城,おしじょう,,成田家,30,17,0,武蔵国,武蔵国,24,#ffb200,6|10|66|93|235,,3000,50,50,1530,4971,1000,600,30,280,900,300,1000,700,1400,65,12000
10,103,河越城,かわごえじょう,大道寺政繁,北条家,4,17,3,武蔵国,武蔵国,24,#ff3300,41|67|69|93|97|234|235,1003052,2500,60,60,1270,4560,1000,870,20,210,800,0,0,500,1000,85,10000
97,104,八王子城,はちおうじじょう,北条氏照,北条家,4,17,0,武蔵国,武蔵国,24,#61ff00,10|14|55|67|93,1003009,2000,60,60,1336,4007,1000,700,20,190,700,220,1000,250,500,82,9000
93,105,鉢形城,はちがたじょう,北条氏邦,北条家,4,17,0,武蔵国,武蔵国,24,#77ff00,6|10|31|41|97,1003007,2000,60,60,1374,4631,1000,700,20,260,900,100,700,500,1000,77,11000
14,106,小田原城,おだわらじょう,伊勢氏康,北条家,4,18,0,相模国,相模国,25,#ff3f00,55|67|97|98|99s|101|236,1003003,3000,70,70,2174,6903,1000,1050,30,390,2500,0,0,2000,2500,87,25000
236,107,玉縄城,たまわなじょう,北条綱成,北条家,4,18,2,相模国,相模国,25,#0010ff,14|67|99s,1003021,2500,60,60,1332,4023,1000,870,20,160,800,0,0,500,1000,86,11000
98,108,韮山城,にらやまじょう,北条氏規,北条家,4,19,0,伊豆国,伊豆国,26,#5dff00,14|99s|101,1003010,1500,60,60,1052,3511,1000,520,10,170,600,50,500,350,700,81,6000
101,109,興国寺城,こうこくじじょう,葛山氏元,今川家,5,20,0,駿河国,駿河国,27,#50ff00,13|14|98,1004040,2000,60,60,1408,3640,1000,700,20,200,700,100,600,350,700,64,12000
13,110,駿府城,すんぷじょう,今川義元,今川家,5,20,0,駿河国,駿河国,27,#ff3b00,54|71|101|245,1004007,3000,70,70,2562,6411,1000,1050,30,400,1800,300,1000,800,1600,71,29000
54,111,犬居城,いぬいじょう,松井宗信,今川家,5,21,0,遠江国,遠江国,28,#ffe900,8|12|13|45|71,1004053,2000,60,60,1650,3767,1000,700,20,210,600,200,800,400,800,65,15000
71,112,高天神城,たかてんじんじょう,奥平貞勝,今川家,5,21,2,遠江国,遠江国,28,#d0ff00,12|13|54,1301069,2000,60,60,1554,3488,1000,700,20,190,600,150,800,300,600,62,14000
12,113,曳馬城,ひくまじょう,飯尾連龍,今川家,5,21,1,遠江国,遠江国,28,#ff3700,45|54|71|100,1004030,2500,60,60,2076,4918,1000,870,20,290,1600,100,800,450,1500,68,23000
48,114,岡崎城,おかざきじょう,松平元信,今川家,5,22,3,三河国,三河国,29,#ffd000,45|57|100,1301006,3000,70,60,2246,5902,1000,1050,30,380,1500,100,600,600,1200,63,26000
45,115,長篠城,ながしのじょう,酒井忠次,今川家,5,22,3,三河国,三河国,29,#ffc300,8|12|48|54|100,1301082,2500,60,60,1094,3609,1000,870,20,190,600,0,0,400,800,57,8000
100,116,吉田城,よしだじょう,小原鎮実,今川家,5,22,0,三河国,三河国,29,#55ff00,12|45|48,1004039,2000,70,60,1586,4110,1000,700,20,250,1000,100,600,550,1100,63,15000
73,117,犬山城,いぬやまじょう,織田信清,織田家,1,23,1,尾張国,尾張国,30,#ff0400,3|4|7|180,1006023,2000,50,60,1896,4984,1000,600,100,210,800,150,800,600,1200,73,11000
7,118,清洲城,きよすじょう,織田信長,織田家,1,23,0,尾張国,尾張国,30,#ff0000,11|44|73|180,1006006,3000,50,60,2964,6718,1000,1050,750,390,1500,200,800,650,1300,82,28000
11,119,名古屋城,なごやじょう,佐久間信盛,織田家,1,23,0,尾張国,尾張国,30,#ff0800,7|44|57,1006069,2000,50,60,2658,5422,1000,700,500,360,1100,100,600,450,900,69,16000
57,120,鳴海城,なるみじょう,岡部元信,今川家,5,23,0,尾張国,尾張国,30,#ff0c00,11|48,1004038,1000,60,60,972,1885,1000,350,10,90,700,0,0,400,800,56,6000
180,121,吉藤城,よしふじじょう,柴田勝家,織田家,1,23,0,尾張国,尾張国,30,#00faff,3|7|36|73|183,1006078,2000,60,60,1516,4415,1000,700,500,180,600,50,500,300,600,63,6000
77,122,亀山城,かめやまじょう,,六角家,18,24,0,伊勢国,伊勢国,31,#bbff00,36|40|43|44|49,,2000,50,50,1112,5110,1000,400,20,340,1000,0,0,600,1200,66,8000
47,123,霧山城,きりやまじょう,,北畠家,24,24,0,伊勢国,伊勢国,31,#ffcc00,39|49|78|178,,2000,50,50,1592,3187,1000,400,20,150,1200,0,0,600,1200,66,16000
44,124,長島城,ながしまじょう,見つかりません,見つかりません,0,24,0,伊勢国,伊勢国,31,#ffbf00,7|11|36|77,0,1500,30,30,1218,3645,1000,0,0,240,1000,0,400,600,1200,59,10000
49,125,長野城,ながのじょう,,北畠家,24,24,0,伊勢国,伊勢国,31,#ffd400,43|47|77|78|80,,1500,50,50,1216,2269,1000,300,10,100,800,200,800,450,900,58,8000
78,126,波切城,なきりじょう,,北畠家,24,25,0,志摩国,志摩国,32,#b6ff00,47|49,,1500,50,50,794,1963,1000,300,10,70,600,0,0,300,600,57,3000
80,127,柏原城,かしはらじょう,見つかりません,見つかりません,0,26,0,伊賀国,伊賀国,33,#aeff00,39|43|49|53,0,1500,30,30,1768,2990,1000,0,0,160,700,0,0,350,700,64,19000
43,128,喰代城,ほおじろじょう,見つかりません,見つかりません,0,26,0,伊賀国,伊賀国,33,#ffbb00,40|49|77|80|90,0,1500,30,30,1886,2767,1000,0,0,140,600,300,1000,250,500,63,18000
3,129,稲葉山城,いなばやまじょう,斎藤利尚,一色家,6,27,0,美濃国,美濃国,34,#ff1900,4|50|73|180|182|183,1005003,3000,60,60,2530,6372,1000,900,30,400,1700,350,1100,800,1600,70,28000
4,130,岩村城,いわむらじょう,,遠山家,12,27,0,美濃国,美濃国,34,#ff1d00,3|8|50|52|73,,2500,40,40,1310,3686,1000,500,20,190,600,250,900,300,600,60,9000
36,131,大垣城,おおがきじょう,桑原直元,一色家,6,27,3,美濃国,美濃国,34,#ff9d00,28|44|77|180|183,1005018,1500,60,60,1404,2942,1000,450,10,160,1000,100,900,350,1100,62,12000
183,132,北方城,きたかたじょう,安藤守就,一色家,6,27,2,美濃国,美濃国,34,#00eeff,3|36|180|182|186,1005009,1500,60,60,1198,3290,1000,450,10,190,500,50,500,350,600,64,9000
50,133,郡上八幡城,ぐじょうはちまんじょう,遠藤盛数,一色家,6,27,4,美濃国,美濃国,34,#ffd800,3|4|29,1005023,1500,60,60,1104,3115,1000,450,10,170,500,190,900,500,1000,65,6000
182,134,曽根城,そねじょう,稲葉良通,一色家,6,27,1,美濃国,美濃国,34,#00f2ff,3|183,1005011,1500,60,60,1202,3544,1000,450,10,210,600,50,400,300,600,66,9000
92,135,帰雲城,かえりくもじょう,内ヶ島氏理,内ヶ島家,23,28,0,飛騨国,飛騨国,35,#7bff00,74|29|91,1023002,3000,50,50,1884,3692,1000,600,30,160,700,400,1500,550,1100,62,17000
91,136,高原諏訪城,たかはらすわじょう,江馬時盛,江馬家,22,28,0,飛騨国,飛騨国,35,#7fff00,1|24|29|92|96|242,1022002,3000,50,50,1794,3692,1000,600,30,160,700,350,1500,400,800,62,16000
29,137,松倉城,まつくらじょう,,三木家,10,28,0,飛騨国,飛騨国,35,#ff7f00,50|52|91|92|96,,3000,50,50,1862,3788,1000,600,30,160,800,350,1500,600,1200,66,17000
186,138,今浜城,いまはまじょう,堀秀基,浅井家,15,29,0,近江国,近江国,36,#00e1ff,23|28|35s|183,1015053,1000,50,50,994,2962,1000,200,100,190,500,120,700,300,600,61,5000
23,139,小谷城,おだにじょう,浅井久政,浅井家,15,29,0,近江国,近江国,36,#ff6600,18|177|186,1015004,2500,50,50,1638,4919,1000,500,250,320,1200,100,600,650,1300,59,16000
35,140,観音寺城,かんのんじじょう,,六角家,18,29,0,近江国,近江国,36,#ff9900,27s|28|40|177s|186s|246,,3000,50,50,2010,5978,1000,600,30,380,1800,0,0,1200,2300,65,23000
177,141,朽木城,くつきじょう,朽木元綱,浅井家,15,29,1,近江国,近江国,36,#00fff6,18|23|26|27|35s|79|241,1015038,1000,50,50,830,2644,1000,200,100,160,700,50,800,350,700,60,3000
28,142,佐和山城,さわやまじょう,磯野員昌,浅井家,15,29,0,近江国,近江国,36,#ff7b00,35|36|40|186,1015028,1500,50,50,1194,3337,1000,300,150,200,900,150,700,250,800,62,8000
246,143,多喜山城,たきやまじょう,,六角家,18,29,0,近江国,近江国,36,#1d00ff,27|35|40|90,,1500,50,50,952,2428,1000,300,10,110,400,50,300,250,500,61,5000
27,144,壺笠山城,つぼかさやまじょう,,六角家,18,29,0,近江国,近江国,36,#ff7700,26|35s|90|177|246,,1500,50,50,1106,3860,1000,300,10,250,600,100,400,400,800,63,7000
40,145,日野城,ひのじょう,,六角家,18,29,0,近江国,近江国,36,#ffae00,28|35|43|77|246,,2000,50,50,1074,3587,1000,400,20,200,700,150,700,350,700,62,6000
26,146,二条城,にじょうじょう,足利義藤,足利家,17,30,0,山城国,山城国,37,#ff7200,27|82|90|177|179|181,1017003,2000,40,40,1426,4011,1000,400,20,240,1200,0,0,500,1200,63,30000
90,147,槇島城,まきしまじょう,柳沢元政,足利家,17,30,0,山城国,山城国,37,#83ff00,26|27|34|43|53|246,1017034,2000,40,40,828,3140,1000,400,20,150,700,0,0,600,1000,64,20000
39,148,信貴山城,しぎさんじょう,松永久秀,三好家,20,31,3,大和国,大和国,38,#ffaa00,47|53|56|80,1202004,3000,60,60,2862,5693,1000,900,150,200,900,250,900,550,1100,66,18000
53,149,筒井城,つついじょう,筒井順慶,筒井家,9,31,0,大和国,大和国,38,#ffe500,34|39|56|80|90,1009003,3500,50,50,1618,4590,1000,700,30,220,1000,150,800,500,1000,64,15000
34,150,飯盛山城,いいもりやまじょう,,畠山家,41,32,0,河内国,河内国,39,#ff9400,33|51|53|56|90|181,,2000,50,50,1704,3488,1000,400,20,190,1700,0,0,200,1900,62,18000
56,151,高屋城,たかやじょう,,畠山家,41,32,0,河内国,河内国,39,#fff200,33|34|38|39|53|102,,2000,50,50,1410,4471,1000,400,20,280,900,0,0,600,1200,65,13000
38,152,岸和田城,きしわだじょう,三好長逸,三好家,20,33,0,和泉国,和泉国,40,#ffa500,33|42|51s|56|87s|102,1020021,3000,60,60,2006,4213,1000,900,150,210,700,0,0,600,1200,63,23000
181,153,芥川山城,あくたがわやまじょう,三好長慶,三好家,20,34,0,摂津国,摂津国,41,#00f6ff,26|34|51,1020005,3500,70,70,2084,6280,1000,1050,170,360,1000,100,300,600,900,72,23000
33,154,石山御坊,いしやまごぼう,本願寺顕如,本願寺家,19,34,0,摂津国,摂津国,41,#ff9000,34|38|42s|51|56|175s,1019005,4000,50,70,2376,5258,1000,1200,2600,250,1200,0,0,900,1800,68,29000
51,155,伊丹城,いたみじょう,池田長正,三好家,20,34,5,摂津国,摂津国,41,#ffdd00,22|25|33|34|38s|82|181,1203002,3000,60,60,1554,4581,1000,900,150,250,1000,50,500,400,800,62,15000
42,156,雑賀城,さいかじょう,,鈴木家,21,35,0,紀伊国,紀伊国,42,#ffb600,33s|38|87s|102,,3000,50,70,1536,4246,1000,900,1950,200,1000,400,1200,700,1400,68,11000
178,157,新宮城,しんぐうじょう,,堀内家,65,35,0,紀伊国,紀伊国,42,#00fffa,47|102,,3500,50,50,980,3699,1000,700,30,140,800,100,700,400,800,60,5000
102,158,手取城,てどりじょう,,畠山家,41,35,0,紀伊国,紀伊国,42,#4cff00,38|42|56|87s|130s|178,,3000,30,30,1058,3517,1000,600,30,140,600,220,1000,400,800,63,5000
87,159,洲本城,すもとじょう,安宅冬康,三好家,20,36,0,淡路国,淡路国,43,#90ff00,25s|38s|42s|102s|104s|127s|129s|130s|175s,1020011,2000,60,60,1068,2733,1000,600,100,120,500,150,800,350,700,59,6000
179,160,荒木城,あらきじょう,荒木氏綱,波多野家,14,37,0,丹波国,丹波国,44,#00ffff,22|26|82,1014009,2500,50,50,892,4222,1000,500,20,140,500,50,600,400,700,61,4000
83,161,黒井城,くろいじょう,荻野直正,荻野家,66,37,0,丹波国,丹波国,44,#a1ff00,22|25|81|85,1066004,3500,60,60,2348,5290,1000,1570,70,190,800,200,900,750,1500,64,10000
82,162,籾井城,もみいじょう,波多野元秀,波多野家,14,37,0,丹波国,丹波国,44,#a5ff00,22|26|51|179,1014003,3000,50,50,1288,5140,1000,900,60,200,800,200,900,550,800,64,9000
22,163,八上城,やがみじょう,松永長頼,三好家,20,37,4,丹波国,丹波国,44,#ff6100,51|81|82|83|179,1202006,1000,60,60,1382,2991,1000,300,50,180,1100,150,900,300,1600,66,11000
81,164,建部山城,たけべやまじょう,稲富祐秀,一色家,13,38,0,丹後国,丹後国,45,#a9ff00,21|22|83|85|241,1013013,3000,50,50,1434,3495,1000,600,30,140,700,150,800,250,500,62,12000
21,165,弓木城,ゆみのきじょう,一色義員,一色家,13,38,0,丹後国,丹後国,45,#ff5d00,18s|81|85|238,1013005,3000,50,50,1290,3563,1000,600,30,140,700,0,0,300,600,65,11000
238,166,芦屋城 ,あしやじょう,,山名家,39,39,0,但馬国,但馬国,46,#0008ff,21|84|85,,3000,50,50,1280,4131,1000,600,30,210,500,0,0,300,600,60,11000
85,167,竹田城,たけだじょう,,山名家,39,39,3,但馬国,但馬国,46,#99ff00,21|81|83|84|86|238|239,,2000,50,50,1710,2962,1000,400,20,130,600,0,300,400,800,65,18000
104,168,置塩城,おしおじょう,赤松義祐,赤松家,40,40,0,播磨国,播磨国,47,#43ff00,86|87s|114|127s|175s|239,1040003,2000,50,50,1412,3389,1000,400,20,170,1300,100,500,600,1200,66,12000
103,169,神吉城,かんきじょう,,別所家,16,40,0,播磨国,播磨国,47,#48ff00,25|86,,1000,50,50,910,2148,1000,200,10,120,700,0,200,600,1200,55,5000
86,170,御着城,ごちゃくじょう,小寺則職,赤松家,40,40,2,播磨国,播磨国,47,#94ff00,85|103|104|239,1040501,2000,50,50,1018,3140,1000,400,20,150,600,150,700,500,1000,64,5000
239,171,長水山城,ちょうずいさんじょう,赤松晴政,赤松家,40,40,1,播磨国,播磨国,47,#0004ff,84|85|86|104|112,1040002,1000,50,50,920,1670,1000,200,10,60,500,0,0,300,600,60,5000
25,172,三木城,みきじょう,,別所家,16,40,0,播磨国,播磨国,47,#ff6e00,51|83|87s|103,,2000,50,50,1318,3640,1000,400,20,200,1100,150,600,850,1700,64,10000
105,173,鹿野城,しかのじょう,,山名家,39,41,1,因幡国,因幡国,48,#3fff00,84|106|107|112,,1000,50,50,984,2297,1000,200,10,120,700,100,500,400,800,62,5000
84,174,鳥取城,とっとりじょう,,山名家,39,41,2,因幡国,因幡国,48,#9dff00,85|105|238|239,,1000,50,50,1062,1858,1000,200,10,70,1300,220,900,300,1700,65,5000
106,175,羽衣石城,うえしじょう,見つかりません,尼子家,43,42,0,伯耆国,伯耆国,49,#3bff00,105|107|113|112,1043039,1000,50,50,1082,1776,1000,300,10,60,500,150,800,300,600,66,6000
240,176,亀尾山城,かめおやまじょう,羽倉元蔭,尼子家,43,42,4,伯耆国,伯耆国,49,#0400ff,107|108|109|113,1043054,1000,50,50,1014,1705,1000,200,10,60,300,150,500,350,700,62,5000
107,177,八橋城,やばせじょう,川副久盛,尼子家,43,42,0,伯耆国,伯耆国,49,#37ff00,105|106|108|113|240,1043034,1000,50,50,1168,1740,1000,300,10,60,500,200,900,250,500,64,7000
108,178,月山富田城,がっさんとだじょう,尼子晴久,尼子家,43,43,0,出雲国,出雲国,50,#33ff00,107|109|240,1043003,1500,50,50,1740,3215,1000,450,10,180,1000,150,800,800,1600,65,17000
109,179,三刀屋城,みとやじょう,三刀屋久扶,尼子家,43,43,2,出雲国,出雲国,50,#2eff00,108|110|119|240,1043047,1000,50,50,1044,1902,1000,300,10,80,400,200,900,350,700,62,5000
111,180,高津城,たかつじょう,市川経好,毛利家,25,44,1,石見国,石見国,51,#21ff00,110|122|123|124|125|250,1025023,1000,60,60,1048,1740,1000,300,50,60,400,200,900,250,500,64,5000
110,181,山吹城,やまぶきじょう,本城常光,尼子家,43,44,1,石見国,石見国,51,#26ff00,109|111|119|250,1043042,1000,50,50,1200,2160,1000,300,10,100,700,250,900,500,1000,65,7000
113,182,高田城,たかだじょう,,三浦家,46,45,0,美作国,美作国,52,#19ff00,106|107|112|115|117|240,,2000,50,50,1350,2459,1000,400,20,80,400,400,1000,350,700,65,8000
112,183,三星城,みつぼしじょう,後藤勝基,浦上家,44,45,0,美作国,美作国,52,#1dff00,105|106|113|114|115|239,1044011,1000,50,50,1434,2001,1000,200,10,90,600,350,1000,450,900,62,10000
115,184,岡山城,おかやまじょう,宇喜多直家,浦上家,44,46,1,備前国,備前国,53,#11ff00,112|113|114|116|117|127s,1210003,2000,50,50,1196,3017,1000,400,20,140,1000,50,100,400,1200,63,9000
114,185,天神山城,てんじんやまじょう,浦上宗景,浦上家,44,46,0,備前国,備前国,53,#15ff00,104|112|115,1044005,1500,50,50,1082,3443,1000,300,10,200,1000,150,700,650,1300,66,6000
116,186,高松城,たかまつじょう,,三村家,45,47,0,備中国,備中国,54,#0cff00,115|117|118,,1000,50,50,1194,2495,1000,200,10,140,800,150,700,400,800,62,8000
117,187,松山城,まつやまじょう,,三村家,45,47,0,備中国,備中国,54,#08ff00,113|115|116|118|119,,1500,50,50,1284,2448,1000,300,10,110,800,100,500,550,1100,62,10000
118,188,神辺城,かんなべじょう,杉原盛重,毛利家,25,48,1,備後国,備後国,55,#04ff00,116|117|119|121|128s|175s,1025078,1000,60,60,986,1722,1000,300,50,60,400,100,800,250,500,63,5000
119,189,比叡尾山城,ひえびやまじょう,新見貞経,尼子家,43,48,3,備後国,備後国,55,#00ff00,109|110|117|118|120|121,1043041,1000,50,50,1050,1758,1000,300,10,60,400,200,900,300,600,65,5000
121,190,鏡山城,かがみやまじょう,小早川隆景,毛利家,25,49,2,安芸国,安芸国,56,#00ff08,118|119|120|122|175s,1025011,2000,60,60,1290,3264,1000,600,100,160,800,0,200,450,900,65,11000
122,191,佐東銀山城,さとうかなやまじょう,桂元澄,毛利家,25,49,0,安芸国,安芸国,56,#00ff0c,111|120|121|123|250,1025056,500,60,60,1028,942,1000,150,20,20,200,400,1800,300,600,54,3000
250,192,日野山城,ひのやまじょう,毛利元春,毛利家,25,49,1,安芸国,安芸国,56,#2e00ff,110|111|120|122,1025006,2000,60,60,1284,2698,1000,600,100,110,700,,300,500,1000,62,11000
120,193,吉田郡山城,よしだこおりやまじょう,毛利元就,毛利家,25,49,0,安芸国,安芸国,56,#00ff04,119|121|122|250,1025002,3000,60,60,1740,4166,1000,900,150,200,1200,250,1000,1000,2000,65,16000
124,194,高嶺城,こうのみねじょう,宍戸隆家,毛利家,25,50,0,周防国,周防国,57,#00ff15,111|123|125|126,1025066,1000,60,60,1350,2965,1000,300,50,180,900,0,0,600,1200,65,12000
123,195,高森城,たかもりじょう,福原貞俊,毛利家,25,50,0,周防国,周防国,57,#00ff10,111|122|124|125,1025090,1000,60,60,1044,2396,1000,300,50,130,700,0,0,350,700,62,7000
126,196,櫛崎城,くしざきじょう,内藤隆春,毛利家,25,51,0,長門国,長門国,58,#00ff1d,124|125|143s|155s|174s,1025080,1000,60,60,1082,2079,1000,300,50,90,500,150,800,300,600,66,6000
125,197,城ノ腰山城,じょうのこしやまじょう,吉見正頼,毛利家,25,51,0,長門国,長門国,58,#00ff19,111|123|124|126,1025099,1000,60,60,984,2001,1000,300,50,90,600,100,700,450,900,62,5000
128,198,天霧城,あまぎりじょう,香川之景,香川家,63,52,0,讃岐国,讃岐国,59,#00ff26,118s|127|131|175s,1063007,2500,50,50,1410,3112,1000,500,20,120,700,100,400,600,900,65,12000
127,199,十河城,そごうじょう,十河一存,三好家,20,52,2,讃岐国,讃岐国,59,#00ff22,87s|104s|115s|128|129|131,1020013,1500,60,60,1044,2152,1000,450,70,80,600,0,0,300,600,62,7000
130,200,牛岐城,うしきじょう,新開実綱,三好家,20,53,1,阿波国,阿波国,60,#00ff2e,87s|102s|129|131|132,1020040,1500,60,60,984,2251,1000,450,70,90,500,0,0,300,600,62,6000
129,201,勝瑞城,しょうずいじょう,三好之虎,三好家,20,53,1,阿波国,阿波国,60,#00ff2a,87s|127|130|131,1020008,2000,60,60,1652,2782,1000,600,100,110,1300,100,400,650,1300,66,16000
131,202,白地城,はくちじょう,,大西家,64,53,0,阿波国,阿波国,60,#00ff33,127|128|129|130|132|133|134|138,,2500,50,50,1280,3297,1000,500,20,150,800,100,400,400,800,60,10000
132,203,安芸城,あきじょう,安芸国虎,安芸家,47,54,0,土佐国,土佐国,61,#00ff37,130|131|133,1047002,2000,50,50,926,2819,1000,400,20,120,700,200,800,600,1200,63,3000
134,204,岡豊城,おこうじょう,,長宗我部家,42,54,0,土佐国,土佐国,61,#00ff3f,131|133|135,,3000,60,70,2536,5951,1000,1200,30,220,1300,100,400,750,1500,68,14000
133,205,香宗城,こうそうじょう,,長宗我部家,42,54,0,土佐国,土佐国,61,#00ff3b,131|132|134|135,,2500,60,70,2050,4612,1000,1000,20,120,600,100,400,250,500,65,6000
137,206,宿毛城,すくもじょう,土居家通,一条家,50,54,0,土佐国,土佐国,61,#00ff4c,136|141|142|146s,1050012,2000,50,50,890,2852,1000,400,20,130,800,150,400,400,800,60,3000
136,207,中村御所,なかむらごしょ,一条兼定,一条家,50,54,0,土佐国,土佐国,61,#00ff48,135|137|142,1050005,2000,50,50,1250,3242,1000,400,20,170,1000,150,600,550,1100,60,9000
135,208,本山城,もとやまじょう,本山茂辰,本山家,48,54,0,土佐国,土佐国,61,#00ff43,133|134|136|138|142,1048003,2000,50,50,804,2698,1000,400,20,110,700,0,0,450,900,62,3000
140,209,大洲城,おおずじょう,宇都宮豊綱,宇都宮家,52,55,0,伊予国,伊予国,62,#00ff59,139|141|142|145s|146s,1052002,2000,50,50,860,2462,1000,400,20,90,600,100,400,350,700,60,3000
142,210,大森城,おおもりじょう,,西園寺家,51,55,0,伊予国,伊予国,62,#00ff61,135|136|137|139|140|141,,1500,50,50,908,2212,1000,300,10,90,700,180,500,400,800,60,3000
138,211,大除城,おおよけじょう,,河野家,49,55,0,伊予国,伊予国,62,#00ff50,131|135|139|175s,,1000,50,50,908,1962,1000,200,10,90,700,180,500,350,700,60,3000
141,212,黒瀬城,くろせじょう,,西園寺家,51,55,0,伊予国,伊予国,62,#00ff5d,137|140|142|145s|146s,,1500,50,50,1268,2699,1000,300,10,140,800,180,700,450,900,60,9000
175,213,能島城,のしまじょう,村上武吉,毛利家,25,55,3,伊予国,伊予国,62,#00ffee,33s|87s|104s|118s|121s|128s|138s|143s|145s,1212006,1500,60,60,790,1739,1000,450,70,50,300,0,0,550,1100,55,3000
139,214,湯築城,ゆづきじょう,,河野家,49,55,0,伊予国,伊予国,62,#00ff54,138|140|142|145s,,1500,50,50,1166,2569,1000,300,10,120,800,0,0,450,900,63,9000
144,215,城井谷城,きいだにじょう,城井長房,大友家,53,56,2,豊前国,豊前国,63,#00ff6a,143|145|147|148|149|176,1053025,1000,60,60,1108,2040,1000,350,40,90,600,200,800,250,500,64,6000
143,216,小倉城,こくらじょう,秋月種冬,秋月家,55,56,0,豊前国,豊前国,63,#00ff66,126s|144|148|149|174s|175s,1055006,2500,60,60,2168,4890,1000,750,100,150,800,100,500,400,800,64,8000
146,217,臼杵城,うすきじょう,大友義鎮,大友家,53,57,0,豊後国,豊後国,64,#00ff72,137s|140s|141s|147|162,1053003,2500,60,60,1526,3665,1000,870,100,180,1400,200,800,800,1600,63,13000
147,218,岡城,おかじょう,戸次鑑連,大友家,53,57,0,豊後国,豊後国,64,#00ff77,144|145|146|158|159|176,1204005,1500,60,60,1012,2133,1000,520,60,80,500,350,1000,250,500,61,3000
145,219,杵築城,きつきじょう,吉弘鑑理,大友家,53,57,0,豊後国,豊後国,64,#00ff6e,139s|140s|141s|144|147|175s,1204008,1000,60,60,890,1670,1000,350,40,60,400,150,700,300,600,60,3000
176,220,角牟礼城,つのむれじょう,志賀親守,大友家,53,57,0,豊後国,豊後国,64,#00fff2,144|147|149|150,1053034,1000,60,60,870,2160,1000,350,40,100,700,100,800,400,800,65,3000
149,221,古処山城,こしょさんじょう,秋月種実,秋月家,55,58,0,筑前国,筑前国,65,#00ff7f,143|144|148|150|151|176,1055003,2500,50,50,2670,5284,1000,750,100,200,1000,150,600,500,1000,60,16000
148,222,立花山城,たちばなやまじょう,立花鑑載,大友家,53,58,1,筑前国,筑前国,65,#00ff7b,143|144|149|151|153|155s|174s|184s,1204003,1000,50,50,1212,1695,1000,350,40,70,1000,200,700,300,1200,56,8000
150,223,柳川城,やながわじょう,蒲池鑑盛,大友家,53,59,4,筑後国,筑後国,66,#00ff83,149|151|152|154s|158|176,1053023,1000,60,60,1140,2261,1000,350,40,110,800,50,300,400,800,65,8000
156,224,玖島城,くしまじょう,有馬純忠,有馬家,57,60,1,肥前国,肥前国,67,#00ff9d,154|155|157,1057007,1000,50,50,830,1962,1000,200,40,90,600,150,600,250,500,60,2000
152,225,佐嘉城,さがじょう,龍造寺隆信,龍造寺家,54,60,0,肥前国,肥前国,67,#00ff87,150|151|153|154,1054010,3000,60,70,2314,5587,1000,1200,180,200,1400,50,300,900,1800,62,11000
153,226,獅子ヶ城,ししがじょう,鶴田前,松浦家,56,60,1,肥前国,肥前国,67,#00ff8c,148|151|152|154|155,1056014,1000,50,50,772,1883,1000,200,40,80,500,50,400,250,500,61,2000
154,227,須古城,すこじょう,平井経治,有馬家,57,60,2,肥前国,肥前国,67,#00ff94,150s|152|153|155|156|157,1057023,1500,50,50,800,2114,1000,300,60,80,900,100,400,300,1200,60,2000
151,228,勢福寺城,せいふくじじょう,江上武種,龍造寺家,54,60,1,肥前国,肥前国,67,#00ff90,148|149|150|152|153,1218006,2500,60,70,1950,4212,1000,1000,150,90,400,150,600,300,600,60,4000
157,229,日野江城,ひのえじょう,有馬晴純,有馬家,57,60,0,肥前国,肥前国,67,#00ffa1,154|156|158s|161s,1057001,2000,50,50,928,2940,1000,400,80,130,800,200,800,500,1000,64,3000
155,230,平戸城,ひらどじょう,松浦隆信（道可）,松浦家,56,60,0,肥前国,肥前国,67,#00ff98,126s|148s|153|154|156|174s|184s,1056002,2000,50,50,802,3070,1000,400,80,150,700,100,400,500,1000,61,2000
159,231,岩尾城,いわおじょう,甲斐親直,阿蘇家,58,61,0,肥後国,肥後国,68,#00ffaa,147|158|162,1058008,1500,50,50,928,1990,1000,300,60,60,400,300,900,300,600,64,2000
158,232,隈本城,くまもとじょう,阿蘇惟将,阿蘇家,58,61,0,肥後国,肥後国,68,#00ffa5,147|150|157s|159|161,1058003,1500,50,50,1198,2890,1000,300,60,150,1000,150,400,650,1300,64,8000
160,233,人吉城,ひとよしじょう,相良義陽,相良家,59,61,0,肥後国,肥後国,68,#00ffae,161|164|167,1059008,2000,50,50,1198,2640,1000,400,80,100,700,150,600,500,1000,64,8000
161,234,古麓城,ふるふもとじょう,上村頼孝,相良家,59,61,0,肥後国,肥後国,68,#00ffb2,157s|158|160|167,1059012,1500,50,50,952,2329,1000,300,60,100,600,150,600,350,700,61,4000
162,235,縣城,あがたじょう,土持親成,大友家,53,62,3,日向国,日向国,69,#00ffb6,146|159|163,1053048,1000,60,60,988,2040,1000,350,40,90,500,400,1100,300,600,64,2000
165,236,飫肥城,おびじょう,北郷忠親,島津家,26,62,2,日向国,日向国,69,#00ffc3,163|164|166|172,1026032,1000,60,60,956,2020,1000,250,70,90,600,350,1000,350,700,63,2000
167,237,加久藤城,かくとうじょう,島津義弘,島津家,26,62,0,日向国,日向国,69,#00ffcb,160|161|164|166|168|171,1026013,1000,60,60,810,1959,1000,250,70,80,600,100,400,650,1300,65,2000
163,238,高城,たかじょう,米良祐次,伊東家,60,62,0,日向国,日向国,69,#00ffbb,162|164|165,1060023,2000,50,50,840,2258,1000,400,80,60,600,150,400,350,700,65,2000
164,239,都於郡城,とのこおりじょう,伊東義祐,伊東家,60,62,0,日向国,日向国,69,#00ffbf,160|163|165|166|167,1060003,2000,50,50,1254,2501,1000,400,80,90,700,350,1000,450,900,62,7000
166,240,都之城,みやこのじょう,山田有信,島津家,26,62,0,日向国,日向国,69,#00ffc7,164|165|167|171|172|173,1026075,1000,60,60,870,2060,1000,250,70,90,700,100,400,550,1100,65,3000
169,241,内城,うちじょう,島津貴久,島津家,26,63,0,薩摩国,薩摩国,70,#00ffd4,168|170|171|172s,1026011,2000,60,60,1626,3541,1000,500,140,180,1400,350,1000,850,1900,68,13000
170,242,土矢倉城,つちやぐらじょう,頴娃兼堅,島津家,26,63,3,薩摩国,薩摩国,70,#00ffd8,169|173s|185s,1026045,1000,60,60,770,1864,1000,250,70,80,600,50,200,300,600,60,2000
168,243,平佐城,ひらさじょう,島津義虎,島津家,26,63,1,薩摩国,薩摩国,70,#00ffd0,167|169|171,1026026,1000,60,60,998,2139,1000,250,70,90,600,300,800,250,500,69,3000
185,244,赤尾木城,あかおぎじょう,種子島恵時,島津家,26,64,4,大隅国,大隅国,80,#00e5ff,170s|173s,1026063,500,50,50,736,1096,1000,120,70,30,300,0,100,350,700,58,2000
171,245,加治木城,かじきじょう,島津歳久,島津家,26,64,0,大隅国,大隅国,80,#00ffdc,166|167|168|169|172,1026015,1000,60,60,890,2059,1000,250,70,100,700,250,800,500,1000,60,2000
173,246,高山城,こうやまじょう,肝付兼続,肝付家,61,64,0,大隅国,大隅国,80,#00ffe5,166|170s|172|185s,1061005,2000,50,50,928,2540,1000,500,140,90,600,200,800,350,700,64,3000
172,247,垂水城,たるみずじょう,伊地知重興,肝付家,61,64,0,大隅国,大隅国,80,#00ffe1,165|166|169s|171|173,1061020,2000,50,50,860,2364,1000,500,140,80,700,100,400,250,500,60,3000
184,248,亀丘城,かめのおじょう,有馬鎮,松浦家,56,66,2,壱岐国,壱岐国,81,#00e9ff,148s|155s|174s,1057005,1000,50,50,820,1395,1000,200,10,40,300,50,100,350,700,55,3000
174,249,厳原城,いずはらじょう,,宗家,62,68,0,対馬国,対馬国,82,#00ffe9,126s|143s|148s|155s|184s,,1500,50,50,1374,4044,1000,150,220,60,400,100,600,500,1000,67,3000